#usda 1.0
(
    defaultPrim = "drone"
    upAxis = "Z"
)

def Xform "drone" (
    apiSchemas = ["PhysicsArticulationRootAPI", "PhysxArticulationAPI", "PhysicsRigidBodyAPI", "PhysxRigidBodyAPI"]
)
{
    bool physics:kinematicEnabled = 0
    bool physics:rigidBodyEnabled = 1
    token ui:displayGroup = "Material Graphs"
    token ui:displayName = "Drone"
    int ui:order = 1024
    float3 xformOp:rotateXYZ = (0, -0, 0)
    float3 xformOp:scale = (1, 1, 1)
    double3 xformOp:translate = (0, 0, 0)
    uniform token[] xformOpOrder = ["xformOp:translate", "xformOp:rotateXYZ", "xformOp:scale"]

    def Mesh "mesh" (
        apiSchemas = ["PhysicsCollisionAPI", "PhysxCollisionAPI", "PhysxConvexHullCollisionAPI", "PhysicsMeshCollisionAPI"]
    )
    {
        float3[] extent = [(-0.24939308, -0.23113158, -0.1814393), (0.20342647, 0.22791444, 0.20170155)]
        int[] faceVertexCounts = [3, 3, 3, 3, 3, 3, 3, 3, 3, 3, 3, 3, 3, 3, 3, 3, 3, 3, 3, 3, 3, 3, 3, 3, 3, 3, 3, 3, 3, 3, 3, 3, 3, 3, 3, 3, 3, 3, 3, 3, 3, 3, 3, 3, 3, 3, 3, 3, 3, 3, 3, 3, 3, 3, 3, 3, 3, 3, 3, 3, 3, 3, 3, 3, 3, 3, 3, 3, 3, 3, 3, 3, 3, 3, 3, 3, 3, 3, 3, 3, 3, 3, 3, 3, 3, 3, 3, 3, 3, 3, 3, 3, 3, 3, 3, 3, 3, 3, 3, 3, 3, 3, 3, 3, 3, 3, 3, 3, 3, 3, 3, 3, 3, 3, 3, 3, 3, 3, 3, 3, 3, 3, 3, 3, 3, 3, 3, 3, 3, 3, 3, 3, 3, 3, 3, 3, 3, 3, 3, 3, 3, 3, 3, 3, 3, 3, 3, 3, 3, 3, 3, 3, 3, 3, 3, 3, 3, 3, 3, 3, 3, 3, 3, 3, 3, 3, 3, 3, 3, 3, 3, 3, 3, 3, 3, 3, 3, 3, 3, 3, 3, 3, 3, 3, 3, 3, 3, 3, 3, 3, 3, 3, 3, 3, 3, 3, 3, 3, 3, 3, 3, 3, 3, 3, 3, 3, 3, 3, 3, 3, 3, 3, 3, 3, 3, 3, 3, 3, 3, 3, 3, 3, 3, 3, 3, 3, 3, 3, 3, 3, 3, 3, 3, 3, 3, 3, 3, 3, 3, 3, 3, 3, 3, 3, 3, 3, 3, 3, 3, 3, 3, 3, 3, 3, 3, 3, 3, 3, 3, 3, 3, 3, 3, 3, 3, 3, 3, 3, 3, 3, 3, 3, 3, 3, 3, 3, 3, 3, 3, 3, 3, 3, 3, 3, 3, 3, 3, 3, 3, 3, 3, 3, 3, 3, 3, 3, 3, 3, 3, 3, 3, 3, 3, 3, 3, 3, 3, 3, 3, 3, 3, 3, 3, 3, 3, 3, 3, 3, 3, 3, 3, 3, 3, 3, 3, 3, 3, 3, 3, 3, 3, 3, 3, 3, 3, 3, 3, 3, 3, 3, 3, 3, 3, 3, 3, 3, 3, 3, 3, 3, 3, 3, 3, 3, 3, 3, 3, 3, 3, 3, 3, 3, 3, 3, 3, 3, 3, 3, 3, 3, 3, 3, 3, 3, 3, 3, 3, 3, 3, 3, 3, 3, 3, 3, 3, 3, 3, 3, 3, 3, 3, 3, 3, 3, 3, 3, 3, 3, 3, 3, 3, 3, 3, 3, 3, 3, 3, 3, 3, 3, 3, 3, 3, 3, 3, 3, 3, 3, 3, 3, 3, 3, 3, 3, 3, 3, 3, 3, 3, 3, 3, 3, 3, 3, 3, 3, 3, 3, 3, 3, 3, 3, 3, 3, 3, 3, 3, 3, 3, 3, 3, 3, 3, 3, 3, 3, 3, 3, 3, 3, 3, 3, 3, 3, 3, 3, 3, 3, 3, 3, 3, 3]
        int[] faceVertexIndices = [0, 1, 2, 3, 4, 5, 6, 7, 8, 9, 10, 11, 12, 13, 14, 15, 16, 17, 18, 19, 20, 21, 22, 23, 24, 25, 26, 27, 28, 29, 30, 31, 32, 33, 34, 35, 36, 37, 38, 39, 40, 41, 42, 43, 44, 45, 46, 47, 48, 49, 50, 51, 52, 53, 54, 55, 56, 57, 58, 59, 60, 61, 62, 63, 64, 65, 66, 67, 68, 69, 70, 71, 72, 73, 74, 75, 76, 77, 78, 79, 80, 81, 82, 83, 84, 85, 86, 87, 88, 89, 90, 91, 92, 93, 94, 95, 96, 97, 98, 99, 100, 101, 102, 103, 104, 105, 106, 107, 108, 109, 110, 111, 112, 113, 114, 115, 116, 117, 118, 119, 120, 121, 122, 123, 124, 125, 126, 127, 128, 129, 130, 131, 132, 133, 134, 135, 136, 137, 138, 139, 140, 141, 142, 143, 144, 145, 146, 147, 148, 149, 150, 151, 152, 153, 154, 155, 156, 157, 158, 159, 160, 161, 162, 163, 164, 165, 166, 167, 168, 169, 170, 171, 172, 173, 174, 175, 176, 177, 178, 179, 180, 181, 182, 183, 184, 185, 186, 187, 188, 189, 190, 191, 192, 193, 194, 195, 196, 197, 198, 199, 200, 201, 202, 203, 204, 205, 206, 207, 208, 209, 210, 211, 212, 213, 214, 215, 216, 217, 218, 219, 220, 221, 222, 223, 224, 225, 226, 227, 228, 229, 230, 231, 232, 233, 234, 235, 236, 237, 238, 239, 240, 241, 242, 243, 244, 245, 246, 247, 248, 249, 250, 251, 252, 253, 254, 255, 256, 257, 258, 259, 260, 261, 262, 263, 264, 265, 266, 267, 268, 269, 270, 271, 272, 273, 274, 275, 276, 277, 278, 279, 280, 281, 282, 283, 284, 285, 286, 287, 288, 289, 290, 291, 292, 293, 294, 295, 296, 297, 298, 299, 300, 301, 302, 303, 304, 305, 306, 307, 308, 309, 310, 311, 312, 313, 314, 315, 316, 317, 318, 319, 320, 321, 322, 323, 324, 325, 326, 327, 328, 329, 330, 331, 332, 333, 334, 335, 336, 337, 338, 339, 340, 341, 342, 343, 344, 345, 346, 347, 348, 349, 350, 351, 352, 353, 354, 355, 356, 357, 358, 359, 360, 361, 362, 363, 364, 365, 366, 367, 368, 369, 370, 371, 372, 373, 374, 375, 376, 377, 378, 379, 380, 381, 382, 383, 384, 385, 386, 387, 388, 389, 390, 391, 392, 393, 394, 395, 396, 397, 398, 399, 400, 401, 402, 403, 404, 405, 406, 407, 408, 409, 410, 411, 412, 413, 414, 415, 416, 417, 418, 419, 420, 421, 422, 423, 424, 425, 426, 427, 428, 429, 430, 431, 432, 433, 434, 435, 436, 437, 438, 439, 440, 441, 442, 443, 444, 445, 446, 447, 448, 449, 450, 451, 452, 453, 454, 455, 456, 457, 458, 459, 460, 461, 462, 463, 464, 465, 466, 467, 468, 469, 470, 471, 472, 473, 474, 475, 476, 477, 478, 479, 480, 481, 482, 483, 484, 485, 486, 487, 488, 489, 490, 491, 492, 493, 494, 495, 496, 497, 498, 499, 500, 501, 502, 503, 504, 505, 506, 507, 508, 509, 510, 511, 512, 513, 514, 515, 516, 517, 518, 519, 520, 521, 522, 523, 524, 525, 526, 527, 528, 529, 530, 531, 532, 533, 534, 535, 536, 537, 538, 539, 540, 541, 542, 543, 544, 545, 546, 547, 548, 549, 550, 551, 552, 553, 554, 555, 556, 557, 558, 559, 560, 561, 562, 563, 564, 565, 566, 567, 568, 569, 570, 571, 572, 573, 574, 575, 576, 577, 578, 579, 580, 581, 582, 583, 584, 585, 586, 587, 588, 589, 590, 591, 592, 593, 594, 595, 596, 597, 598, 599, 600, 601, 602, 603, 604, 605, 606, 607, 608, 609, 610, 611, 612, 613, 614, 615, 616, 617, 618, 619, 620, 621, 622, 623, 624, 625, 626, 627, 628, 629, 630, 631, 632, 633, 634, 635, 636, 637, 638, 639, 640, 641, 642, 643, 644, 645, 646, 647, 648, 649, 650, 651, 652, 653, 654, 655, 656, 657, 658, 659, 660, 661, 662, 663, 664, 665, 666, 667, 668, 669, 670, 671, 672, 673, 674, 675, 676, 677, 678, 679, 680, 681, 682, 683, 684, 685, 686, 687, 688, 689, 690, 691, 692, 693, 694, 695, 696, 697, 698, 699, 700, 701, 702, 703, 704, 705, 706, 707, 708, 709, 710, 711, 712, 713, 714, 715, 716, 717, 718, 719, 720, 721, 722, 723, 724, 725, 726, 727, 728, 729, 730, 731, 732, 733, 734, 735, 736, 737, 738, 739, 740, 741, 742, 743, 744, 745, 746, 747, 748, 749, 750, 751, 752, 753, 754, 755, 756, 757, 758, 759, 760, 761, 762, 763, 764, 765, 766, 767, 768, 769, 770, 771, 772, 773, 774, 775, 776, 777, 778, 779, 780, 781, 782, 783, 784, 785, 786, 787, 788, 789, 790, 791, 792, 793, 794, 795, 796, 797, 798, 799, 800, 801, 802, 803, 804, 805, 806, 807, 808, 809, 810, 811, 812, 813, 814, 815, 816, 817, 818, 819, 820, 821, 822, 823, 824, 825, 826, 827, 828, 829, 830, 831, 832, 833, 834, 835, 836, 837, 838, 839, 840, 841, 842, 843, 844, 845, 846, 847, 848, 849, 850, 851, 852, 853, 854, 855, 856, 857, 858, 859, 860, 861, 862, 863, 864, 865, 866, 867, 868, 869, 870, 871, 872, 873, 874, 875, 876, 877, 878, 879, 880, 881, 882, 883, 884, 885, 886, 887, 888, 889, 890, 891, 892, 893, 894, 895, 896, 897, 898, 899, 900, 901, 902, 903, 904, 905, 906, 907, 908, 909, 910, 911, 912, 913, 914, 915, 916, 917, 918, 919, 920, 921, 922, 923, 924, 925, 926, 927, 928, 929, 930, 931, 932, 933, 934, 935, 936, 937, 938, 939, 940, 941, 942, 943, 944, 945, 946, 947, 948, 949, 950, 951, 952, 953, 954, 955, 956, 957, 958, 959, 960, 961, 962, 963, 964, 965, 966, 967, 968, 969, 970, 971, 972, 973, 974, 975, 976, 977, 978, 979, 980, 981, 982, 983, 984, 985, 986, 987, 988, 989, 990, 991, 992, 993, 994, 995, 996, 997, 998, 999, 1000, 1001, 1002, 1003, 1004, 1005, 1006, 1007, 1008, 1009, 1010, 1011, 1012, 1013, 1014, 1015, 1016, 1017, 1018, 1019, 1020, 1021, 1022, 1023, 1024, 1025, 1026, 1027, 1028, 1029, 1030, 1031, 1032, 1033, 1034, 1035, 1036, 1037, 1038, 1039, 1040, 1041, 1042, 1043, 1044, 1045, 1046, 1047, 1048, 1049, 1050, 1051, 1052, 1053, 1054, 1055, 1056, 1057, 1058, 1059, 1060, 1061, 1062, 1063, 1064, 1065, 1066, 1067, 1068, 1069, 1070, 1071, 1072, 1073, 1074, 1075, 1076, 1077, 1078, 1079, 1080, 1081, 1082, 1083, 1084, 1085, 1086, 1087, 1088, 1089, 1090, 1091, 1092, 1093, 1094, 1095, 1096, 1097, 1098, 1099, 1100, 1101, 1102, 1103, 1104, 1105, 1106, 1107, 1108, 1109, 1110, 1111, 1112, 1113, 1114, 1115, 1116, 1117, 1118, 1119, 1120, 1121, 1122, 1123, 1124, 1125, 1126, 1127, 1128, 1129, 1130, 1131, 1132, 1133, 1134, 1135, 1136, 1137, 1138, 1139, 1140, 1141, 1142, 1143, 1144, 1145, 1146, 1147, 1148, 1149, 1150, 1151, 1152, 1153, 1154, 1155, 1156, 1157, 1158, 1159, 1160, 1161, 1162, 1163, 1164, 1165, 1166, 1167, 1168, 1169, 1170, 1171, 1172, 1173, 1174, 1175, 1176, 1177, 1178, 1179, 1180, 1181, 1182, 1183, 1184, 1185, 1186, 1187, 1188, 1189, 1190, 1191, 1192, 1193, 1194, 1195, 1196, 1197, 1198, 1199, 1200, 1201, 1202, 1203, 1204, 1205, 1206, 1207, 1208, 1209, 1210, 1211, 1212, 1213, 1214, 1215, 1216, 1217, 1218, 1219, 1220, 1221, 1222, 1223, 1224, 1225, 1226, 1227, 1228, 1229, 1230, 1231, 1232, 1233, 1234, 1235, 1236, 1237, 1238, 1239, 1240, 1241, 1242, 1243, 1244, 1245, 1246, 1247, 1248, 1249, 1250, 1251, 1252, 1253, 1254, 1255, 1256, 1257, 1258, 1259, 1260, 1261, 1262, 1263, 1264, 1265, 1266, 1267, 1268, 1269, 1270, 1271, 1272, 1273, 1274, 1275, 1276, 1277, 1278, 1279, 1280, 1281, 1282, 1283, 1284, 1285, 1286, 1287, 1288, 1289, 1290, 1291, 1292, 1293, 1294, 1295, 1296, 1297, 1298, 1299, 1300, 1301, 1302, 1303, 1304, 1305, 1306, 1307, 1308, 1309, 1310, 1311, 1312, 1313, 1314, 1315, 1316, 1317, 1318, 1319, 1320, 1321, 1322, 1323, 1324, 1325, 1326, 1327, 1328, 1329, 1330, 1331, 1332, 1333, 1334, 1335, 1336, 1337, 1338, 1339, 1340, 1341, 1342, 1343, 1344, 1345, 1346, 1347, 1348, 1349, 1350, 1351, 1352, 1353, 1354, 1355, 1356, 1357, 1358, 1359, 1360, 1361, 1362, 1363, 1364, 1365, 1366, 1367, 1368, 1369, 1370, 1371, 1372, 1373, 1374, 1375, 1376, 1377, 1378, 1379, 1380, 1381, 1382, 1383, 1384, 1385, 1386, 1387, 1388, 1389, 1390, 1391, 1392, 1393, 1394, 1395, 1396, 1397, 1398, 1399, 1400, 1401, 1402, 1403, 1404, 1405, 1406, 1407, 1408, 1409, 1410, 1411, 1412, 1413, 1414, 1415]
        normal3f[] normals = [(-0, -0.45223233, -0.8919001), (-0, -0.45223233, -0.8919001), (-0, -0.45223233, -0.8919001), (0, -0.45223233, -0.8919001), (0, -0.45223233, -0.8919001), (0, -0.45223233, -0.8919001), (0, 0.83759415, 0.5462929), (0, 0.83759415, 0.5462929), (0, 0.83759415, 0.5462929), (0, 0.83759415, 0.5462929), (0, 0.83759415, 0.5462929), (0, 0.83759415, 0.5462929), (0, -0.8919011, 0.45223054), (0, -0.8919011, 0.45223054), (0, -0.8919011, 0.45223054), (0, -0.8919011, 0.45223054), (0, -0.8919011, 0.45223054), (0, -0.8919011, 0.45223054), (1, 0, -0), (1, 0, -0), (1, 0, -0), (1, 0, 0), (1, 0, 0), (1, 0, 0), (1, -0, 0), (1, -0, 0), (1, -0, 0), (1, 0, 0), (1, 0, 0), (1, 0, 0), (1, -0, 0), (1, -0, 0), (1, -0, 0), (1, 0, 0), (1, 0, 0), (1, 0, 0), (1, -0, 0), (1, -0, 0), (1, -0, 0), (1, 0, 0), (1, 0, 0), (1, 0, 0), (1, -0, 0), (1, -0, 0), (1, -0, 0), (1, 0, 0), (1, 0, 0), (1, 0, 0), (1, -0, 0), (1, -0, 0), (1, -0, 0), (1, 0, 0), (1, 0, 0), (1, 0, 0), (1, 0, 0), (1, 0, 0), (1, 0, 0), (1, 0, 0), (1, 0, 0), (1, 0, 0), (1, 0, 0), (1, 0, 0), (1, 0, 0), (1, 0, 0), (1, 0, 0), (1, 0, 0), (1, 0, 0), (1, 0, 0), (1, 0, 0), (1, 0, 0), (1, 0, 0), (1, 0, 0), (1, 0, 0), (1, 0, 0), (1, 0, 0), (1, 0, 0), (1, 0, 0), (1, 0, 0), (1, 0, 0), (1, 0, 0), (1, 0, 0), (1, 0, 0), (1, 0, 0), (1, 0, 0), (0, 0.99852437, 0.054305967), (0, 0.99852437, 0.054305967), (0, 0.99852437, 0.054305967), (0, 0.99852437, 0.054305967), (0, 0.99852437, 0.054305967), (0, 0.99852437, 0.054305967), (0, -0.9985244, -0.05430429), (0, -0.9985244, -0.05430429), (0, -0.9985244, -0.05430429), (0, -0.9985244, -0.05430429), (0, -0.9985244, -0.05430429), (0, -0.9985244, -0.05430429), (0, 0.9785557, -0.20598222), (0, 0.9785557, -0.20598222), (0, 0.9785557, -0.20598222), (0, 0.9785557, -0.20598222), (0, 0.9785557, -0.20598222), (0, 0.9785557, -0.20598222), (0, 0.205982, 0.9785558), (0, 0.205982, 0.9785558), (0, 0.205982, 0.9785558), (-0, 0.205982, 0.9785558), (-0, 0.205982, 0.9785558), (-0, 0.205982, 0.9785558), (0, -0.83759415, -0.5462929), (0, -0.83759415, -0.5462929), (0, -0.83759415, -0.5462929), (0, -0.83759415, -0.5462929), (0, -0.83759415, -0.5462929), (0, -0.83759415, -0.5462929), (0, -0.5462922, 0.8375946), (0, -0.5462922, 0.8375946), (0, -0.5462922, 0.8375946), (0, -0.5462922, 0.8375946), (0, -0.5462922, 0.8375946), (0, -0.5462922, 0.8375946), (-0, -0.66766405, -0.7444626), (-0, -0.66766405, -0.7444626), (-0, -0.66766405, -0.7444626), (0, -0.66766405, -0.7444626), (0, -0.66766405, -0.7444626), (0, -0.66766405, -0.7444626), (0, -0.9785557, 0.20598222), (0, -0.9785557, 0.20598222), (0, -0.9785557, 0.20598222), (0, -0.9785557, 0.20598222), (0, -0.9785557, 0.20598222), (0, -0.9785557, 0.20598222), (0, 0.54629296, -0.8375942), (0, 0.54629296, -0.8375942), (0, 0.54629296, -0.8375942), (0, 0.54629296, -0.8375942), (0, 0.54629296, -0.8375942), (0, 0.54629296, -0.8375942), (0, -0.31089258, 0.95044506), (0, -0.31089258, 0.95044506), (0, -0.31089258, 0.95044506), (0, -0.31089258, 0.95044506), (0, -0.31089258, 0.95044506), (0, -0.31089258, 0.95044506), (-0, -0.20598133, -0.9785559), (-0, -0.20598133, -0.9785559), (-0, -0.20598133, -0.9785559), (0, -0.20598133, -0.9785559), (0, -0.20598133, -0.9785559), (0, -0.20598133, -0.9785559), (0, -0.05430584, 0.99852437), (0, -0.05430584, 0.99852437), (0, -0.05430584, 0.99852437), (0, -0.05430584, 0.99852437), (0, -0.05430584, 0.99852437), (0, -0.05430584, 0.99852437), (0, 0.8919004, -0.45223188), (0, 0.8919004, -0.45223188), (0, 0.8919004, -0.45223188), (0, 0.8919004, -0.45223188), (0, 0.8919004, -0.45223188), (0, 0.8919004, -0.45223188), (0, 0.9504452, 0.3108923), (0, 0.9504452, 0.3108923), (0, 0.9504452, 0.3108923), (0, 0.9504452, 0.3108923), (0, 0.9504452, 0.3108923), (0, 0.9504452, 0.3108923), (0, 0.66766316, 0.74446344), (0, 0.66766316, 0.74446344), (0, 0.66766316, 0.74446344), (-0, 0.66766316, 0.74446344), (-0, 0.66766316, 0.74446344), (-0, 0.66766316, 0.74446344), (0, 0.054306023, -0.99852437), (0, 0.054306023, -0.99852437), (0, 0.054306023, -0.99852437), (0, 0.054306023, -0.99852437), (0, 0.054306023, -0.99852437), (0, 0.054306023, -0.99852437), (0, -0.9504447, -0.31089383), (0, -0.9504447, -0.31089383), (0, -0.9504447, -0.31089383), (0, -0.9504447, -0.31089383), (0, -0.9504447, -0.31089383), (0, -0.9504447, -0.31089383), (0, 0.74446285, -0.6676638), (0, 0.74446285, -0.6676638), (0, 0.74446285, -0.6676638), (0, 0.74446285, -0.6676638), (0, 0.74446285, -0.6676638), (0, 0.74446285, -0.6676638), (0, 0.31089208, -0.9504452), (0, 0.31089208, -0.9504452), (0, 0.31089208, -0.9504452), (0, 0.31089208, -0.9504452), (0, 0.31089208, -0.9504452), (0, 0.31089208, -0.9504452), (0, 0.4522325, 0.89190006), (0, 0.4522325, 0.89190006), (0, 0.4522325, 0.89190006), (-0, 0.4522325, 0.89190006), (-0, 0.4522325, 0.89190006), (-0, 0.4522325, 0.89190006), (-1, 0, 0), (-1, 0, 0), (-1, 0, 0), (-1, 0, 0), (-1, 0, 0), (-1, 0, 0), (-1, 0, 0), (-1, 0, 0), (-1, 0, 0), (-1, 0, 0), (-1, 0, 0), (-1, 0, 0), (-1, 0, 0), (-1, 0, 0), (-1, 0, 0), (-1, 0, 0), (-1, 0, 0), (-1, 0, 0), (-1, 0, 0), (-1, 0, 0), (-1, 0, 0), (-1, 0, 0), (-1, 0, 0), (-1, 0, 0), (-1, 0, 0), (-1, 0, 0), (-1, 0, 0), (-1, 0, 0), (-1, 0, 0), (-1, 0, 0), (-1, 0, 0), (-1, 0, 0), (-1, 0, 0), (-1, 0, 0), (-1, 0, 0), (-1, 0, 0), (-1, 0, 0), (-1, 0, 0), (-1, 0, 0), (-1, 0, 0), (-1, 0, 0), (-1, 0, 0), (-1, 0, 0), (-1, 0, 0), (-1, 0, 0), (-1, 0, 0), (-1, 0, 0), (-1, 0, 0), (-1, 0, 0), (-1, 0, 0), (-1, 0, 0), (-1, 0, 0), (-1, 0, 0), (-1, 0, 0), (-1, 0, 0), (-1, 0, 0), (-1, 0, 0), (-1, 0, 0), (-1, 0, 0), (-1, 0, 0), (-1, 0, 0), (-1, 0, 0), (-1, 0, 0), (-1, 0, 0), (-1, 0, 0), (-1, 0, 0), (0, -0.74446285, 0.6676638), (0, -0.74446285, 0.6676638), (0, -0.74446285, 0.6676638), (0, -0.74446285, 0.6676638), (0, -0.74446285, 0.6676638), (0, -0.74446285, 0.6676638), (0.77240855, -0.4522319, -0.44594994), (0.77240855, -0.4522319, -0.44594994), (0.77240855, -0.4522319, -0.44594994), (0.77240855, -0.4522319, -0.44594994), (0.77240855, -0.4522319, -0.44594994), (0.77240855, -0.4522319, -0.44594994), (-0.47310475, 0.83759284, 0.2731485), (-0.47310475, 0.83759284, 0.2731485), (-0.47310475, 0.83759284, 0.2731485), (-0.47310096, 0.8375962, 0.27314475), (-0.47310096, 0.8375962, 0.27314475), (-0.47310096, 0.8375962, 0.27314475), (-0.39164513, -0.8918997, 0.22611757), (-0.39164513, -0.8918997, 0.22611757), (-0.39164513, -0.8918997, 0.22611757), (-0.39164513, -0.8918997, 0.22611757), (-0.39164513, -0.8918997, 0.22611757), (-0.39164513, -0.8918997, 0.22611757), (0.50000155, -0.0000085642505, 0.8660245), (0.50000155, -0.0000085642505, 0.8660245), (0.50000155, -0.0000085642505, 0.8660245), (0.5000018, -0.0000053554486, 0.8660244), (0.5000018, -0.0000053554486, 0.8660244), (0.5000018, -0.0000053554486, 0.8660244), (0.5000014, 0.00000409523, 0.8660246), (0.5000014, 0.00000409523, 0.8660246), (0.5000014, 0.00000409523, 0.8660246), (0.5000005, -0.000009822203, 0.86602515), (0.5000005, -0.000009822203, 0.86602515), (0.5000005, -0.000009822203, 0.86602515), (0.49999967, 0.0000060772018, 0.8660256), (0.49999967, 0.0000060772018, 0.8660256), (0.49999967, 0.0000060772018, 0.8660256), (0.49999943, 0.000002406797, 0.86602575), (0.49999943, 0.000002406797, 0.86602575), (0.49999943, 0.000002406797, 0.86602575), (0.4999996, -0.0000014914051, 0.8660256), (0.4999996, -0.0000014914051, 0.8660256), (0.4999996, -0.0000014914051, 0.8660256), (0.49999973, 4.821465e-7, 0.8660255), (0.49999973, 4.821465e-7, 0.8660255), (0.49999973, 4.821465e-7, 0.8660255), (0.49999994, -0.0000023235002, 0.86602545), (0.49999994, -0.0000023235002, 0.86602545), (0.49999994, -0.0000023235002, 0.86602545), (0.49999994, -0.0000014098752, 0.8660254), (0.49999994, -0.0000014098752, 0.8660254), (0.49999994, -0.0000014098752, 0.8660254), (0.49999985, 0.0000015107853, 0.86602545), (0.49999985, 0.0000015107853, 0.86602545), (0.49999985, 0.0000015107853, 0.86602545), (0.49999985, 0.0000023345735, 0.86602545), (0.49999985, 0.0000023345735, 0.86602545), (0.49999985, 0.0000023345735, 0.86602545), (0.50000006, -0.0000013909929, 0.8660254), (0.50000006, -0.0000013909929, 0.8660254), (0.50000006, -0.0000013909929, 0.8660254), (0.49999988, -0.000003025959, 0.86602545), (0.49999988, -0.000003025959, 0.86602545), (0.49999988, -0.000003025959, 0.86602545), (0.49999973, 0.0000013560343, 0.86602557), (0.49999973, 0.0000013560343, 0.86602557), (0.49999973, 0.0000013560343, 0.86602557), (0.49999955, -0.0000014036759, 0.8660257), (0.49999955, -0.0000014036759, 0.8660257), (0.49999955, -0.0000014036759, 0.8660257), (0.49999934, 0.0000025357376, 0.8660258), (0.49999934, 0.0000025357376, 0.8660258), (0.49999934, 0.0000025357376, 0.8660258), (0.4999996, 0.0000069453376, 0.86602557), (0.4999996, 0.0000069453376, 0.86602557), (0.4999996, 0.0000069453376, 0.86602557), (0.5000005, -0.0000111688, 0.8660251), (0.5000005, -0.0000111688, 0.8660251), (0.5000005, -0.0000111688, 0.8660251), (0.50000155, 0.0000045362694, 0.86602455), (0.50000155, 0.0000045362694, 0.86602455), (0.50000155, 0.0000045362694, 0.86602455), (0.50000185, -0.00000340799, 0.8660243), (0.50000185, -0.00000340799, 0.8660243), (0.50000185, -0.00000340799, 0.8660243), (0.50000113, -0.000014274027, 0.8660247), (0.50000113, -0.000014274027, 0.8660247), (0.50000113, -0.000014274027, 0.8660247), (-0.047028445, 0.99852455, 0.027151857), (-0.047028445, 0.99852455, 0.027151857), (-0.047028445, 0.99852455, 0.027151857), (-0.047028936, 0.9985244, 0.027152307), (-0.047028936, 0.9985244, 0.027152307), (-0.047028936, 0.9985244, 0.027152307), (0.04703189, -0.9985242, -0.027153846), (0.04703189, -0.9985242, -0.027153846), (0.04703189, -0.9985242, -0.027153846), (0.04703189, -0.9985242, -0.027153846), (0.04703189, -0.9985242, -0.027153846), (0.04703189, -0.9985242, -0.027153846), (0.17838569, 0.97855574, -0.10299094), (0.17838569, 0.97855574, -0.10299094), (0.17838569, 0.97855574, -0.10299094), (0.17838565, 0.9785558, -0.10299089), (0.17838565, 0.9785558, -0.10299089), (0.17838565, 0.9785558, -0.10299089), (-0.84745395, 0.20598462, 0.48927724), (-0.84745395, 0.20598462, 0.48927724), (-0.84745395, 0.20598462, 0.48927724), (-0.84745395, 0.20598462, 0.48927724), (-0.84745395, 0.20598462, 0.48927724), (-0.84745395, 0.20598462, 0.48927724), (0.4731008, -0.83759636, -0.2731446), (0.4731008, -0.83759636, -0.2731446), (0.4731008, -0.83759636, -0.2731446), (0.4731006, -0.8375965, -0.27314454), (0.4731006, -0.8375965, -0.27314454), (0.4731006, -0.8375965, -0.27314454), (-0.7253789, -0.5462915, 0.41879725), (-0.7253789, -0.5462915, 0.41879725), (-0.7253789, -0.5462915, 0.41879725), (-0.7253789, -0.5462915, 0.41879725), (-0.7253789, -0.5462915, 0.41879725), (-0.7253789, -0.5462915, 0.41879725), (0.6447258, -0.6676613, -0.37223232), (0.6447258, -0.6676613, -0.37223232), (0.6447258, -0.6676613, -0.37223232), (0.64472574, -0.66766155, -0.3722322), (0.64472574, -0.66766155, -0.3722322), (0.64472574, -0.66766155, -0.3722322), (-0.1783871, -0.97855544, 0.10299173), (-0.1783871, -0.97855544, 0.10299173), (-0.1783871, -0.97855544, 0.10299173), (-0.17838472, -0.9785559, 0.10299099), (-0.17838472, -0.9785559, 0.10299099), (-0.17838472, -0.9785559, 0.10299099), (0.7253779, 0.54629123, -0.4187992), (0.7253779, 0.54629123, -0.4187992), (0.7253779, 0.54629123, -0.4187992), (0.7253777, 0.54629153, -0.41879916), (0.7253777, 0.54629153, -0.41879916), (0.7253777, 0.54629153, -0.41879916), (-0.8231114, -0.31088698, 0.47522306), (-0.8231114, -0.31088698, 0.47522306), (-0.8231114, -0.31088698, 0.47522306), (-0.8231115, -0.31088656, 0.47522318), (-0.8231115, -0.31088656, 0.47522318), (-0.8231115, -0.31088656, 0.47522318), (0.84745383, -0.20598464, -0.48927727), (0.84745383, -0.20598464, -0.48927727), (0.84745383, -0.20598464, -0.48927727), (0.84745383, -0.20598464, -0.48927727), (0.84745383, -0.20598464, -0.48927727), (0.84745383, -0.20598464, -0.48927727), (-0.8647474, -0.054309916, 0.49926174), (-0.8647474, -0.054309916, 0.49926174), (-0.8647474, -0.054309916, 0.49926174), (-0.8647474, -0.05431023, 0.49926162), (-0.8647474, -0.05431023, 0.49926162), (-0.8647474, -0.05431023, 0.49926162), (0.3916444, 0.8919004, -0.22611576), (0.3916444, 0.8919004, -0.22611576), (0.3916444, 0.8919004, -0.22611576), (0.39164454, 0.89190036, -0.2261159), (0.39164454, 0.89190036, -0.2261159), (0.39164454, 0.89190036, -0.2261159), (-0.26924023, 0.9504452, 0.15544671), (-0.26924023, 0.9504452, 0.15544671), (-0.26924023, 0.9504452, 0.15544671), (-0.26924014, 0.95044523, 0.15544662), (-0.26924014, 0.95044523, 0.15544662), (-0.26924014, 0.95044523, 0.15544662), (-0.644725, 0.6676623, 0.37223184), (-0.644725, 0.6676623, 0.37223184), (-0.644725, 0.6676623, 0.37223184), (-0.644725, 0.6676623, 0.37223184), (-0.644725, 0.6676623, 0.37223184), (-0.644725, 0.6676623, 0.37223184), (0.8647474, 0.054309916, -0.49926174), (0.8647474, 0.054309916, -0.49926174), (0.8647474, 0.054309916, -0.49926174), (0.8647474, 0.054309916, -0.49926174), (0.8647474, 0.054309916, -0.49926174), (0.8647474, 0.054309916, -0.49926174), (0.26923934, -0.9504458, -0.15544526), (0.26923934, -0.9504458, -0.15544526), (0.26923934, -0.9504458, -0.15544526), (0.26923943, -0.95044565, -0.1554453), (0.26923943, -0.95044565, -0.1554453), (0.26923943, -0.95044565, -0.1554453), (0.5782143, 0.7444617, -0.3338338), (0.5782143, 0.7444617, -0.3338338), (0.5782143, 0.7444617, -0.3338338), (0.5782102, 0.7444669, -0.33382943), (0.5782102, 0.7444669, -0.33382943), (0.5782102, 0.7444669, -0.33382943), (0.82310694, 0.31089804, -0.47522345), (0.82310694, 0.31089804, -0.47522345), (0.82310694, 0.31089804, -0.47522345), (0.82311124, 0.31088752, -0.47522306), (0.82311124, 0.31088752, -0.47522306), (0.82311124, 0.31088752, -0.47522306), (-0.77240896, 0.45223117, 0.44595003), (-0.77240896, 0.45223117, 0.44595003), (-0.77240896, 0.45223117, 0.44595003), (-0.7724088, 0.4522315, 0.44595003), (-0.7724088, 0.4522315, 0.44595003), (-0.7724088, 0.4522315, 0.44595003), (-0.5000004, -0.000014630557, -0.86602515), (-0.5000004, -0.000014630557, -0.86602515), (-0.5000004, -0.000014630557, -0.86602515), (-0.49999952, -2.4342827e-7, -0.8660257), (-0.49999952, -2.4342827e-7, -0.8660257), (-0.49999952, -2.4342827e-7, -0.8660257), (-0.49999955, 0, -0.8660257), (-0.49999955, 0, -0.8660257), (-0.49999955, 0, -0.8660257), (-0.49999917, 0.000006178465, -0.8660259), (-0.49999917, 0.000006178465, -0.8660259), (-0.49999917, 0.000006178465, -0.8660259), (-0.49999905, 0.0000035847036, -0.866026), (-0.49999905, 0.0000035847036, -0.866026), (-0.49999905, 0.0000035847036, -0.866026), (-0.4999994, -0.0000015472269, -0.8660258), (-0.4999994, -0.0000015472269, -0.8660258), (-0.4999994, -0.0000015472269, -0.8660258), (-0.49999955, 0.0000014036756, -0.8660257), (-0.49999955, 0.0000014036756, -0.8660257), (-0.49999955, 0.0000014036756, -0.8660257), (-0.49999967, -5.72549e-7, -0.86602557), (-0.49999967, -5.72549e-7, -0.86602557), (-0.49999967, -5.72549e-7, -0.86602557), (-0.49999985, 0.0000032420933, -0.86602545), (-0.49999985, 0.0000032420933, -0.86602545), (-0.49999985, 0.0000032420933, -0.86602545), (-0.5, 0.0000013721107, -0.8660254), (-0.5, 0.0000013721107, -0.8660254), (-0.5, 0.0000013721107, -0.8660254), (-0.49999985, -0.000001945478, -0.8660255), (-0.49999985, -0.000001945478, -0.8660255), (-0.49999985, -0.000001945478, -0.8660255), (-0.4999998, -0.00000223578, -0.8660255), (-0.4999998, -0.00000223578, -0.8660255), (-0.4999998, -0.00000223578, -0.8660255), (-0.49999994, 0.0000014098752, -0.8660254), (-0.49999994, 0.0000014098752, -0.8660254), (-0.49999994, 0.0000014098752, -0.8660254), (-0.5000003, -0.0000041336802, -0.86602515), (-0.5000003, -0.0000041336802, -0.86602515), (-0.5000003, -0.0000041336802, -0.86602515), (-0.50000054, 0, -0.8660251), (-0.50000054, 0, -0.8660251), (-0.50000054, 0, -0.8660251), (-0.50000054, -3.509196e-8, -0.86602515), (-0.50000054, -3.509196e-8, -0.86602515), (-0.50000054, -3.509196e-8, -0.86602515), (-0.5000004, -0.0000013753179, -0.86602515), (-0.5000004, -0.0000013753179, -0.86602515), (-0.5000004, -0.0000013753179, -0.86602515), (-0.5000002, 0.0000021844223, -0.8660252), (-0.5000002, 0.0000021844223, -0.8660252), (-0.5000002, 0.0000021844223, -0.8660252), (-0.4999999, -0.00000316845, -0.86602545), (-0.4999999, -0.00000316845, -0.86602545), (-0.4999999, -0.00000316845, -0.86602545), (-0.49999964, 0.0000015120845, -0.8660257), (-0.49999964, 0.0000015120845, -0.8660257), (-0.49999964, 0.0000015120845, -0.8660257), (-0.4999994, -0.0000031645475, -0.8660258), (-0.4999994, -0.0000031645475, -0.8660258), (-0.4999994, -0.0000031645475, -0.8660258), (-0.49999696, 0.00003425734, -0.8660271), (-0.49999696, 0.00003425734, -0.8660271), (-0.49999696, 0.00003425734, -0.8660271), (-0.57820743, -0.7444688, 0.33382994), (-0.57820743, -0.7444688, 0.33382994), (-0.57820743, -0.7444688, 0.33382994), (-0.5782136, -0.7444634, 0.3338314), (-0.5782136, -0.7444634, 0.3338314), (-0.5782136, -0.7444634, 0.3338314), (-0.7724086, -0.45223182, -0.44594988), (-0.7724086, -0.45223182, -0.44594988), (-0.7724086, -0.45223182, -0.44594988), (-0.7724084, -0.45223215, -0.44594988), (-0.7724084, -0.45223215, -0.44594988), (-0.7724084, -0.45223215, -0.44594988), (0.47310072, 0.8375965, 0.27314454), (0.47310072, 0.8375965, 0.27314454), (0.47310072, 0.8375965, 0.27314454), (0.47310072, 0.8375965, 0.27314454), (0.47310072, 0.8375965, 0.27314454), (0.47310072, 0.8375965, 0.27314454), (0.39164558, -0.89189976, 0.22611643), (0.39164558, -0.89189976, 0.22611643), (0.39164558, -0.89189976, 0.22611643), (0.39164558, -0.89189976, 0.22611643), (0.39164558, -0.89189976, 0.22611643), (0.39164558, -0.89189976, 0.22611643), (0.50000113, 0.000011419005, -0.86602485), (0.50000113, 0.000011419005, -0.86602485), (0.50000113, 0.000011419005, -0.86602485), (0.50000167, 0.0000026777243, -0.86602443), (0.50000167, 0.0000026777243, -0.86602443), (0.50000167, 0.0000026777243, -0.86602443), (0.50000143, -0.000002583145, -0.86602455), (0.50000143, -0.000002583145, -0.86602455), (0.50000143, -0.000002583145, -0.86602455), (0.50000066, 0.000008871665, -0.86602503), (0.50000066, 0.000008871665, -0.86602503), (0.50000066, 0.000008871665, -0.86602503), (0.49999988, -0.0000074214317, -0.8660255), (0.49999988, -0.0000074214317, -0.8660255), (0.49999988, -0.0000074214317, -0.8660255), (0.4999994, -6.876559e-7, -0.8660257), (0.4999994, -6.876559e-7, -0.8660257), (0.4999994, -6.876559e-7, -0.8660257), (0.49999955, 0.0000015615955, -0.8660257), (0.49999955, 0.0000015615955, -0.8660257), (0.49999955, 0.0000015615955, -0.8660257), (0.4999997, -0.0000012053662, -0.8660255), (0.4999997, -0.0000012053662, -0.8660255), (0.4999997, -0.0000012053662, -0.8660255), (0.5, 0.0000030799886, -0.86602545), (0.5, 0.0000030799886, -0.86602545), (0.5, 0.0000030799886, -0.86602545), (0.50000006, 0.0000012084645, -0.8660254), (0.50000006, 0.0000012084645, -0.8660254), (0.50000006, 0.0000012084645, -0.8660254), (0.4999999, -0.0000022418594, -0.86602545), (0.4999999, -0.0000022418594, -0.86602545), (0.4999999, -0.0000022418594, -0.86602545), (0.49999985, -0.0000015563772, -0.8660255), (0.49999985, -0.0000015563772, -0.8660255), (0.49999985, -0.0000015563772, -0.8660255), (0.49999994, 0.0000013721085, -0.8660254), (0.49999994, 0.0000013721085, -0.8660254), (0.49999994, 0.0000013721085, -0.8660254), (0.49999988, 0.0000023775435, -0.8660255), (0.49999988, 0.0000023775435, -0.8660255), (0.49999988, 0.0000023775435, -0.8660255), (0.49999976, -5.122806e-7, -0.86602557), (0.49999976, -5.122806e-7, -0.86602557), (0.49999976, -5.122806e-7, -0.86602557), (0.49999964, 0.0000014036785, -0.8660256), (0.49999964, 0.0000014036785, -0.8660256), (0.49999964, 0.0000014036785, -0.8660256), (0.49999943, -0.0000024497801, -0.86602575), (0.49999943, -0.0000024497801, -0.86602575), (0.49999943, -0.0000024497801, -0.86602575), (0.49999967, -0.0000060491648, -0.86602557), (0.49999967, -0.0000060491648, -0.86602557), (0.49999967, -0.0000060491648, -0.86602557), (0.5000003, 0.000008317192, -0.86602515), (0.5000003, 0.000008317192, -0.86602515), (0.5000003, 0.000008317192, -0.86602515), (0.5000012, -0.0000037802256, -0.8660248), (0.5000012, -0.0000037802256, -0.8660248), (0.5000012, -0.0000037802256, -0.8660248), (0.50000167, 0.0000071811232, -0.86602443), (0.50000167, 0.0000071811232, -0.86602443), (0.50000167, 0.0000071811232, -0.86602443), (0.50000155, 0.000008564305, -0.8660245), (0.50000155, 0.000008564305, -0.8660245), (0.50000155, 0.000008564305, -0.8660245), (0.047030453, 0.99852425, 0.027153017), (0.047030453, 0.99852425, 0.027153017), (0.047030453, 0.99852425, 0.027153017), (0.047030427, 0.99852425, 0.027153008), (0.047030427, 0.99852425, 0.027153008), (0.047030427, 0.99852425, 0.027153008), (-0.04703184, -0.99852425, -0.027153982), (-0.04703184, -0.99852425, -0.027153982), (-0.04703184, -0.99852425, -0.027153982), (-0.047031358, -0.9985243, -0.027153546), (-0.047031358, -0.9985243, -0.027153546), (-0.047031358, -0.9985243, -0.027153546), (-0.17838703, 0.9785555, -0.10299171), (-0.17838703, 0.9785555, -0.10299171), (-0.17838703, 0.9785555, -0.10299171), (-0.1783871, 0.97855544, -0.10299173), (-0.1783871, 0.97855544, -0.10299173), (-0.1783871, 0.97855544, -0.10299173), (0.84745395, 0.2059843, 0.48927733), (0.84745395, 0.2059843, 0.48927733), (0.84745395, 0.2059843, 0.48927733), (0.84745395, 0.2059843, 0.48927733), (0.84745395, 0.2059843, 0.48927733), (0.84745395, 0.2059843, 0.48927733), (-0.47310063, -0.8375965, -0.2731445), (-0.47310063, -0.8375965, -0.2731445), (-0.47310063, -0.8375965, -0.2731445), (-0.47310454, -0.83759296, -0.2731484), (-0.47310454, -0.83759296, -0.2731484), (-0.47310454, -0.83759296, -0.2731484), (0.72537225, -0.54630125, 0.418796), (0.72537225, -0.54630125, 0.418796), (0.72537225, -0.54630125, 0.418796), (0.7253779, -0.546293, 0.41879678), (0.7253779, -0.546293, 0.41879678), (0.7253779, -0.546293, 0.41879678), (-0.6447258, -0.6676613, -0.37223232), (-0.6447258, -0.6676613, -0.37223232), (-0.6447258, -0.6676613, -0.37223232), (-0.64472604, -0.6676611, -0.37223238), (-0.64472604, -0.6676611, -0.37223238), (-0.64472604, -0.6676611, -0.37223238), (0.17838709, -0.9785554, 0.102991745), (0.17838709, -0.9785554, 0.102991745), (0.17838709, -0.9785554, 0.102991745), (0.17838703, -0.97855544, 0.102991685), (0.17838703, -0.97855544, 0.102991685), (0.17838703, -0.97855544, 0.102991685), (-0.7253784, 0.54629225, -0.41879702), (-0.7253784, 0.54629225, -0.41879702), (-0.7253784, 0.54629225, -0.41879702), (-0.7253784, 0.54629225, -0.41879702), (-0.7253784, 0.54629225, -0.41879702), (-0.7253784, 0.54629225, -0.41879702), (0.82311136, -0.310887, 0.4752231), (0.82311136, -0.310887, 0.4752231), (0.82311136, -0.310887, 0.4752231), (0.82311136, -0.310887, 0.4752231), (0.82311136, -0.310887, 0.4752231), (0.82311136, -0.310887, 0.4752231), (-0.84745395, -0.20598462, -0.48927724), (-0.84745395, -0.20598462, -0.48927724), (-0.84745395, -0.20598462, -0.48927724), (-0.84745395, -0.20598462, -0.48927724), (-0.84745395, -0.20598462, -0.48927724), (-0.84745395, -0.20598462, -0.48927724), (0.8647474, -0.054309916, 0.49926174), (0.8647474, -0.054309916, 0.49926174), (0.8647474, -0.054309916, 0.49926174), (0.8647474, -0.054309916, 0.49926174), (0.8647474, -0.054309916, 0.49926174), (0.8647474, -0.054309916, 0.49926174), (-0.39164454, 0.89190036, -0.2261159), (-0.39164454, 0.89190036, -0.2261159), (-0.39164454, 0.89190036, -0.2261159), (-0.39164454, 0.89190036, -0.2261159), (-0.39164454, 0.89190036, -0.2261159), (-0.39164454, 0.89190036, -0.2261159), (0.26924065, 0.9504452, 0.15544602), (0.26924065, 0.9504452, 0.15544602), (0.26924065, 0.9504452, 0.15544602), (0.26924074, 0.9504451, 0.15544604), (0.26924074, 0.9504451, 0.15544604), (0.26924074, 0.9504451, 0.15544604), (0.6447252, 0.6676622, 0.37223193), (0.6447252, 0.6676622, 0.37223193), (0.6447252, 0.6676622, 0.37223193), (0.6447251, 0.6676624, 0.37223178), (0.6447251, 0.6676624, 0.37223178), (0.6447251, 0.6676624, 0.37223178), (-0.86474746, 0.054309733, -0.49926174), (-0.86474746, 0.054309733, -0.49926174), (-0.86474746, 0.054309733, -0.49926174), (-0.8647475, 0.054310057, -0.49926168), (-0.8647475, 0.054310057, -0.49926168), (-0.8647475, 0.054310057, -0.49926168), (-0.26923883, -0.9504457, -0.15544586), (-0.26923883, -0.9504457, -0.15544586), (-0.26923883, -0.9504457, -0.15544586), (-0.26923892, -0.95044565, -0.15544595), (-0.26923892, -0.95044565, -0.15544595), (-0.26923892, -0.95044565, -0.15544595), (-0.5782102, 0.74446684, -0.33382943), (-0.5782102, 0.74446684, -0.33382943), (-0.5782102, 0.74446684, -0.33382943), (-0.57821, 0.7444671, -0.3338294), (-0.57821, 0.7444671, -0.3338294), (-0.57821, 0.7444671, -0.3338294), (-0.8231111, 0.31088796, -0.47522292), (-0.8231111, 0.31088796, -0.47522292), (-0.8231111, 0.31088796, -0.47522292), (-0.8231112, 0.31088755, -0.47522303), (-0.8231112, 0.31088755, -0.47522303), (-0.8231112, 0.31088755, -0.47522303), (0.77240855, 0.4522319, 0.44594994), (0.77240855, 0.4522319, 0.44594994), (0.77240855, 0.4522319, 0.44594994), (0.77240855, 0.4522319, 0.44594994), (0.77240855, 0.4522319, 0.44594994), (0.77240855, 0.4522319, 0.44594994), (-0.4999966, -0.000039609302, 0.8660274), (-0.4999966, -0.000039609302, 0.8660274), (-0.4999966, -0.000039609302, 0.8660274), (-0.4999994, 0.0000030428537, 0.86602575), (-0.4999994, 0.0000030428537, 0.86602575), (-0.4999994, 0.0000030428537, 0.86602575), (-0.4999996, -0.0000012600661, 0.8660256), (-0.4999996, -0.0000012600661, 0.8660256), (-0.4999996, -0.0000012600661, 0.8660256), (-0.5, 0.000004554644, 0.86602545), (-0.5, 0.000004554644, 0.86602545), (-0.5, 0.000004554644, 0.86602545), (-0.5000003, -8.961737e-7, 0.86602527), (-0.5000003, -8.961737e-7, 0.86602527), (-0.5000003, -8.961737e-7, 0.86602527), (-0.50000036, 4.7276447e-7, 0.86602515), (-0.50000036, 4.7276447e-7, 0.86602515), (-0.50000036, 4.7276447e-7, 0.86602515), (-0.5000001, 0.000007018415, 0.8660254), (-0.5000001, 0.000007018415, 0.8660254), (-0.5000001, 0.000007018415, 0.8660254), (-0.49999967, 5.72549e-7, 0.86602557), (-0.49999967, 5.72549e-7, 0.86602557), (-0.49999967, 5.72549e-7, 0.86602557), (-0.49999985, -0.0000032420933, 0.86602545), (-0.49999985, -0.0000032420933, 0.86602545), (-0.49999985, -0.0000032420933, 0.86602545), (-0.5, -0.0000013721107, 0.8660254), (-0.5, -0.0000013721107, 0.8660254), (-0.5, -0.0000013721107, 0.8660254), (-0.49999985, 0.000001945478, 0.8660255), (-0.49999985, 0.000001945478, 0.8660255), (-0.49999985, 0.000001945478, 0.8660255), (-0.4999998, 0.0000022357724, 0.8660255), (-0.4999998, 0.0000022357724, 0.8660255), (-0.4999998, 0.0000022357724, 0.8660255), (-0.49999994, -0.0000014098729, 0.8660254), (-0.49999994, -0.0000014098729, 0.8660254), (-0.49999994, -0.0000014098729, 0.8660254), (-0.49999985, -0.0000031070172, 0.8660255), (-0.49999985, -0.0000031070172, 0.8660255), (-0.49999985, -0.0000031070172, 0.8660255), (-0.49999967, 4.8214645e-7, 0.8660256), (-0.49999967, 4.8214645e-7, 0.8660256), (-0.49999967, 4.8214645e-7, 0.8660256), (-0.49999955, -0.0000015791385, 0.8660257), (-0.49999955, -0.0000015791385, 0.8660257), (-0.49999955, -0.0000015791385, 0.8660257), (-0.4999994, 0.0000017191442, 0.8660258), (-0.4999994, 0.0000017191442, 0.8660258), (-0.4999994, 0.0000017191442, 0.8660258), (-0.49999976, 0.0000072814023, 0.86602557), (-0.49999976, 0.0000072814023, 0.86602557), (-0.49999976, 0.0000072814023, 0.86602557), (-0.5000005, -0.000008554825, 0.8660251), (-0.5000005, -0.000008554825, 0.8660251), (-0.5000005, -0.000008554825, 0.8660251), (-0.5000014, 0.0000040322398, 0.8660246), (-0.5000014, 0.0000040322398, 0.8660246), (-0.5000014, 0.0000040322398, 0.8660246), (-0.5000018, -0.0000053554136, 0.8660244), (-0.5000018, -0.0000053554136, 0.8660244), (-0.5000018, -0.0000053554136, 0.8660244), (-0.50000125, -0.000014273845, 0.86602473), (-0.50000125, -0.000014273845, 0.86602473), (-0.50000125, -0.000014273845, 0.86602473), (0.5782102, -0.7444669, 0.33382943), (0.5782102, -0.7444669, 0.33382943), (0.5782102, -0.7444669, 0.33382943), (0.57821447, -0.7444615, 0.33383396), (0.57821447, -0.7444615, 0.33383396), (0.57821447, -0.7444615, 0.33383396), (0.3124223, 0.89651895, 0.3140798), (0.3124223, 0.89651895, 0.3140798), (0.3124223, 0.89651895, 0.3140798), (-0.28599092, 0.7379575, 0.61125124), (-0.28599092, 0.7379575, 0.61125124), (-0.28599092, 0.7379575, 0.61125124), (-0.04749207, 0.8786327, -0.4751306), (-0.04749207, 0.8786327, -0.4751306), (-0.04749207, 0.8786327, -0.4751306), (-0.047492184, 0.8786328, -0.47513032), (-0.047492184, 0.8786328, -0.47513032), (-0.047492184, 0.8786328, -0.47513032), (-0.4713755, -0.20258361, -0.85835016), (-0.4713755, -0.20258361, -0.85835016), (-0.4713755, -0.20258361, -0.85835016), (0, -0.70710677, -0.70710677), (0, -0.70710677, -0.70710677), (0, -0.70710677, -0.70710677), (-0.62357616, -0.5471296, -0.55839235), (-0.62357616, -0.5471296, -0.55839235), (-0.62357616, -0.5471296, -0.55839235), (-0.9085545, 0.008604516, -0.41767788), (-0.9085545, 0.008604516, -0.41767788), (-0.9085545, 0.008604516, -0.41767788), (-0.7354516, 0.33764842, -0.58745605), (-0.7354516, 0.33764842, -0.58745605), (-0.7354516, 0.33764842, -0.58745605), (0.40824828, -0.81649655, 0.40824828), (0.40824828, -0.81649655, 0.40824828), (0.40824828, -0.81649655, 0.40824828), (-0.4260107, 0, 0.90471816), (-0.4260107, 0, 0.90471816), (-0.4260107, 0, 0.90471816), (-0.42601067, 0, 0.90471816), (-0.42601067, 0, 0.90471816), (-0.42601067, 0, 0.90471816), (-0.00061601965, 0.6233199, -0.7819667), (-0.00061601965, 0.6233199, -0.7819667), (-0.00061601965, 0.6233199, -0.7819667), (0, 0, 0), (0, 0, 0), (0, 0, 0), (0.011012582, 0.25485814, 0.9669158), (0.011012582, 0.25485814, 0.9669158), (0.011012582, 0.25485814, 0.9669158), (0.011012564, -0.25485814, 0.9669158), (0.011012564, -0.25485814, 0.9669158), (0.011012564, -0.25485814, 0.9669158), (-0.4372583, -0.8344914, -0.33530498), (-0.4372583, -0.8344914, -0.33530498), (-0.4372583, -0.8344914, -0.33530498), (-0.3535504, -0.409751, -0.84089607), (-0.3535504, -0.409751, -0.84089607), (-0.3535504, -0.409751, -0.84089607), (-0.3535502, -0.40975103, -0.8408962), (-0.3535502, -0.40975103, -0.8408962), (-0.3535502, -0.40975103, -0.8408962), (-0.0063460837, -0.61137813, -0.7913132), (-0.0063460837, -0.61137813, -0.7913132), (-0.0063460837, -0.61137813, -0.7913132), (-0.0063459887, -0.6113784, -0.791313), (-0.0063459887, -0.6113784, -0.791313), (-0.0063459887, -0.6113784, -0.791313), (-0.05625053, -0.8771034, -0.47699618), (-0.05625053, -0.8771034, -0.47699618), (-0.05625053, -0.8771034, -0.47699618), (0, -0.8944272, -0.4472136), (0, -0.8944272, -0.4472136), (0, -0.8944272, -0.4472136), (-0.61742276, 0.5537351, -0.5587187), (-0.61742276, 0.5537351, -0.5587187), (-0.61742276, 0.5537351, -0.5587187), (-0.61742276, 0.55373526, -0.55871844), (-0.61742276, 0.55373526, -0.55871844), (-0.61742276, 0.55373526, -0.55871844), (-0.47027647, 0.21279722, -0.85647964), (-0.47027647, 0.21279722, -0.85647964), (-0.47027647, 0.21279722, -0.85647964), (-0.47027653, 0.21279725, -0.8564796), (-0.47027653, 0.21279725, -0.8564796), (-0.47027653, 0.21279725, -0.8564796), (-0.7417144, -0.32365876, -0.5874561), (-0.7417144, -0.32365876, -0.5874561), (-0.7417144, -0.32365876, -0.5874561), (-0.74171454, -0.32365876, -0.587456), (-0.74171454, -0.32365876, -0.587456), (-0.74171454, -0.32365876, -0.587456), (-0.28033626, 0.25485802, 0.9254507), (-0.28033626, 0.25485802, 0.9254507), (-0.28033626, 0.25485802, 0.9254507), (-0.28033614, 0.2548581, 0.9254507), (-0.28033614, 0.2548581, 0.9254507), (-0.28033614, 0.2548581, 0.9254507), (-0.36049312, 0.42201298, -0.8318352), (-0.36049312, 0.42201298, -0.8318352), (-0.36049312, 0.42201298, -0.8318352), (-0.36049324, 0.42201295, -0.83183515), (-0.36049324, 0.42201295, -0.83183515), (-0.36049324, 0.42201295, -0.83183515), (-0.28033623, -0.2548581, 0.9254507), (-0.28033623, -0.2548581, 0.9254507), (-0.28033623, -0.2548581, 0.9254507), (-0.4292128, 0.838978, -0.33450305), (-0.4292128, 0.838978, -0.33450305), (-0.4292128, 0.838978, -0.33450305), (-0.63453066, 0.7523354, 0.17709348), (-0.63453066, 0.7523354, 0.17709348), (-0.63453066, 0.7523354, 0.17709348), (-0.63453066, 0.7523355, 0.17709355), (-0.63453066, 0.7523355, 0.17709355), (-0.63453066, 0.7523355, 0.17709355), (-0.60998994, 0.54658276, 0.5737243), (-0.60998994, 0.54658276, 0.5737243), (-0.60998994, 0.54658276, 0.5737243), (-0.97741044, 0.15218976, 0.14665267), (-0.97741044, 0.15218976, 0.14665267), (-0.97741044, 0.15218976, 0.14665267), (-0.9774105, 0.15218978, 0.14665267), (-0.9774105, 0.15218978, 0.14665267), (-0.9774105, 0.15218978, 0.14665267), (-0.82116485, 0.18587686, 0.5395721), (-0.82116485, 0.18587686, 0.5395721), (-0.82116485, 0.18587686, 0.5395721), (-0.82116497, 0.18587679, 0.5395719), (-0.82116497, 0.18587679, 0.5395719), (-0.82116497, 0.18587679, 0.5395719), (-0.8546015, 0.514588, -0.069681056), (-0.8546015, 0.514588, -0.069681056), (-0.8546015, 0.514588, -0.069681056), (-0.371615, 0.9047143, 0.20831329), (-0.371615, 0.9047143, 0.20831329), (-0.371615, 0.9047143, 0.20831329), (-0.37161493, 0.9047142, 0.20831321), (-0.37161493, 0.9047142, 0.20831321), (-0.37161493, 0.9047142, 0.20831321), (0.51237786, 0.8345488, -0.20247802), (0.51237786, 0.8345488, -0.20247802), (0.51237786, 0.8345488, -0.20247802), (0.12735042, 0.7316103, 0.6697225), (0.12735042, 0.7316103, 0.6697225), (0.12735042, 0.7316103, 0.6697225), (-0.01252679, 0.9994537, 0.030582214), (-0.01252679, 0.9994537, 0.030582214), (-0.01252679, 0.9994537, 0.030582214), (0.2048099, 0.61219877, -0.7637183), (0.2048099, 0.61219877, -0.7637183), (0.2048099, 0.61219877, -0.7637183), (0.20481001, 0.61219853, -0.7637184), (0.20481001, 0.61219853, -0.7637184), (0.20481001, 0.61219853, -0.7637184), (0.75292236, 0.54159707, -0.37387252), (0.75292236, 0.54159707, -0.37387252), (0.75292236, 0.54159707, -0.37387252), (0.57489467, 0.4014853, -0.71295553), (0.57489467, 0.4014853, -0.71295553), (0.57489467, 0.4014853, -0.71295553), (0.1606931, 0.8797557, -0.44744575), (0.1606931, 0.8797557, -0.44744575), (0.1606931, 0.8797557, -0.44744575), (0.16069311, 0.87975585, -0.4474454), (0.16069311, 0.87975585, -0.4474454), (0.16069311, 0.87975585, -0.4474454), (0.50952154, -0.8334287, -0.21397276), (0.50952154, -0.8334287, -0.21397276), (0.50952154, -0.8334287, -0.21397276), (0.5705267, -0.40528682, -0.71431214), (0.5705267, -0.40528682, -0.71431214), (0.5705267, -0.40528682, -0.71431214), (0.18113762, -0.8722866, -0.45420834), (0.18113762, -0.8722866, -0.45420834), (0.18113762, -0.8722866, -0.45420834), (0.18113758, -0.87228656, -0.4542084), (0.18113758, -0.87228656, -0.4542084), (0.18113758, -0.87228656, -0.4542084), (0.2188408, -0.60768044, -0.7634351), (0.2188408, -0.60768044, -0.7634351), (0.2188408, -0.60768044, -0.7634351), (0.21884082, -0.6076803, -0.7634352), (0.21884082, -0.6076803, -0.7634352), (0.21884082, -0.6076803, -0.7634352), (0.7501773, -0.5448069, -0.37472582), (0.7501773, -0.5448069, -0.37472582), (0.7501773, -0.5448069, -0.37472582), (0.1409013, 0, -0.9900237), (0.1409013, 0, -0.9900237), (0.1409013, 0, -0.9900237), (0.14090118, 0, -0.9900237), (0.14090118, 0, -0.9900237), (0.14090118, 0, -0.9900237), (0.14090118, 0, -0.9900237), (0.14090118, 0, -0.9900237), (0.14090118, 0, -0.9900237), (0.14090131, 0, -0.9900237), (0.14090131, 0, -0.9900237), (0.14090131, 0, -0.9900237), (-0.37855482, -0.90256864, 0.20510027), (-0.37855482, -0.90256864, 0.20510027), (-0.37855482, -0.90256864, 0.20510027), (-0.37855473, -0.90256876, 0.20510007), (-0.37855473, -0.90256876, 0.20510007), (-0.37855473, -0.90256876, 0.20510007), (-0.30085325, -0.7425131, 0.59846604), (-0.30085325, -0.7425131, 0.59846604), (-0.30085325, -0.7425131, 0.59846604), (-0.30085325, -0.7425131, 0.598466), (-0.30085325, -0.7425131, 0.598466), (-0.30085325, -0.7425131, 0.598466), (0.3014044, -0.90224564, 0.30839634), (0.3014044, -0.90224564, 0.30839634), (0.3014044, -0.90224564, 0.30839634), (0.12541558, -0.7484741, 0.65119696), (0.12541558, -0.7484741, 0.65119696), (0.12541558, -0.7484741, 0.65119696), (-0.013824551, -0.9995364, 0.027127143), (-0.013824551, -0.9995364, 0.027127143), (-0.013824551, -0.9995364, 0.027127143), (-0.97844034, -0.14334215, 0.14868611), (-0.97844034, -0.14334215, 0.14868611), (-0.97844034, -0.14334215, 0.14868611), (0, 0.8944272, -0.4472136), (0, 0.8944272, -0.4472136), (0, 0.8944272, -0.4472136), (-0.82327706, -0.18217757, 0.53761154), (-0.82327706, -0.18217757, 0.53761154), (-0.82327706, -0.18217757, 0.53761154), (-0.64246035, -0.74574405, 0.1763815), (-0.64246035, -0.74574405, 0.1763815), (-0.64246035, -0.74574405, 0.1763815), (-0.64246035, -0.7457441, 0.17638177), (-0.64246035, -0.7457441, 0.17638177), (-0.64246035, -0.7457441, 0.17638177), (-0.6154174, -0.55403817, 0.56062746), (-0.6154174, -0.55403817, 0.56062746), (-0.6154174, -0.55403817, 0.56062746), (-0.6154174, -0.554038, 0.5606275), (-0.6154174, -0.554038, 0.5606275), (-0.6154174, -0.554038, 0.5606275), (-0.8612415, -0.5029419, -0.07288667), (-0.8612415, -0.5029419, -0.07288667), (-0.8612415, -0.5029419, -0.07288667), (-0.8612415, -0.5029418, -0.072886705), (-0.8612415, -0.5029418, -0.072886705), (-0.8612415, -0.5029418, -0.072886705), (0.2251556, 0.5775864, 0.78466487), (0.2251556, 0.5775864, 0.78466487), (0.2251556, 0.5775864, 0.78466487), (0.45341742, 0.85118204, 0.26438954), (0.45341742, 0.85118204, 0.26438954), (0.45341742, 0.85118204, 0.26438954), (0.7345796, 0.45098403, 0.5069578), (0.7345796, 0.45098403, 0.5069578), (0.7345796, 0.45098403, 0.5069578), (0.4548993, -0.85274845, 0.25668418), (0.4548993, -0.85274845, 0.25668418), (0.4548993, -0.85274845, 0.25668418), (0.23166719, -0.5866391, 0.77600574), (0.23166719, -0.5866391, 0.77600574), (0.23166719, -0.5866391, 0.77600574), (0.72821385, -0.47163412, 0.49725837), (0.72821385, -0.47163412, 0.49725837), (0.72821385, -0.47163412, 0.49725837), (0.59238774, 0.27706113, -0.7565143), (0.59238774, 0.27706113, -0.7565143), (0.59238774, 0.27706113, -0.7565143), (0.5886909, -0.27464232, -0.76027274), (0.5886909, -0.27464232, -0.76027274), (0.5886909, -0.27464232, -0.76027274), (-0.42976207, 0.56506634, 0.70427597), (-0.42976207, 0.56506634, 0.70427597), (-0.42976207, 0.56506634, 0.70427597), (-0.42976195, 0.5650664, 0.7042759), (-0.42976195, 0.5650664, 0.7042759), (-0.42976195, 0.5650664, 0.7042759), (-0.7548187, 0, 0.65593344), (-0.7548187, 0, 0.65593344), (-0.7548187, 0, 0.65593344), (-0.75481874, 0, 0.65593344), (-0.75481874, 0, 0.65593344), (-0.75481874, 0, 0.65593344), (0.48666427, 0.32444283, -0.8111071), (0.48666427, 0.32444283, -0.8111071), (0.48666427, 0.32444283, -0.8111071), (-0.9970603, 0.009442714, 0.076036155), (-0.9970603, 0.009442714, 0.076036155), (-0.9970603, 0.009442714, 0.076036155), (-0.99706036, 0.009442625, 0.07603602), (-0.99706036, 0.009442625, 0.07603602), (-0.99706036, 0.009442625, 0.07603602), (-0.97014254, -0.24253564, 0), (-0.97014254, -0.24253564, 0), (-0.97014254, -0.24253564, 0), (0.047464363, 0.9142727, -0.40230894), (0.047464363, 0.9142727, -0.40230894), (0.047464363, 0.9142727, -0.40230894), (0.047464393, 0.9142729, -0.40230858), (0.047464393, 0.9142729, -0.40230858), (0.047464393, 0.9142729, -0.40230858), (0.0474644, 0.9142729, -0.40230858), (0.0474644, 0.9142729, -0.40230858), (0.0474644, 0.9142729, -0.40230858), (0.115931645, 0.56834996, -0.81457853), (0.115931645, 0.56834996, -0.81457853), (0.115931645, 0.56834996, -0.81457853), (0.11593165, 0.56834996, -0.81457853), (0.11593165, 0.56834996, -0.81457853), (0.11593165, 0.56834996, -0.81457853), (-0.6666667, -0.33333334, -0.6666667), (-0.6666667, -0.33333334, -0.6666667), (-0.6666667, -0.33333334, -0.6666667), (-0.5048233, 0.85503185, 0.11863384), (-0.5048233, 0.85503185, 0.11863384), (-0.5048233, 0.85503185, 0.11863384), (-0.50482327, 0.85503185, 0.11863395), (-0.50482327, 0.85503185, 0.11863395), (-0.50482327, 0.85503185, 0.11863395), (-0.50482327, 0.85503185, 0.118633896), (-0.50482327, 0.85503185, 0.118633896), (-0.50482327, 0.85503185, 0.118633896), (-0.7182729, 0.47510654, -0.508289), (-0.7182729, 0.47510654, -0.508289), (-0.7182729, 0.47510654, -0.508289), (-0.7182729, 0.47510657, -0.5082889), (-0.7182729, 0.47510657, -0.5082889), (-0.7182729, 0.47510657, -0.5082889), (-0.99227786, 0, -0.12403473), (-0.99227786, 0, -0.12403473), (-0.99227786, 0, -0.12403473), (-0.36478266, 0.28072548, -0.8877651), (-0.36478266, 0.28072548, -0.8877651), (-0.36478266, 0.28072548, -0.8877651), (-0.3647826, 0.28072548, -0.887765), (-0.3647826, 0.28072548, -0.887765), (-0.3647826, 0.28072548, -0.887765), (-0.3647828, 0.2807255, -0.88776505), (-0.3647828, 0.2807255, -0.88776505), (-0.3647828, 0.2807255, -0.88776505), (-0.35784084, -0.27707976, -0.8917268), (-0.35784084, -0.27707976, -0.8917268), (-0.35784084, -0.27707976, -0.8917268), (-0.35784096, -0.27707985, -0.89172673), (-0.35784096, -0.27707985, -0.89172673), (-0.35784096, -0.27707985, -0.89172673), (-0.35784078, -0.2770798, -0.89172685), (-0.35784078, -0.2770798, -0.89172685), (-0.35784078, -0.2770798, -0.89172685), (-0.7264512, -0.4651959, -0.5058273), (-0.7264512, -0.4651959, -0.5058273), (-0.7264512, -0.4651959, -0.5058273), (-0.72645134, -0.4651958, -0.5058273), (-0.72645134, -0.4651958, -0.5058273), (-0.72645134, -0.4651958, -0.5058273), (-0.6666667, -0.6666667, -0.33333334), (-0.6666667, -0.6666667, -0.33333334), (-0.6666667, -0.6666667, -0.33333334), (-0.5116891, -0.8515091, 0.11448366), (-0.5116891, -0.8515091, 0.11448366), (-0.5116891, -0.8515091, 0.11448366), (-0.5116889, -0.8515092, 0.11448391), (-0.5116889, -0.8515092, 0.11448391), (-0.5116889, -0.8515092, 0.11448391), (-0.5116889, -0.85150915, 0.114483714), (-0.5116889, -0.85150915, 0.114483714), (-0.5116889, -0.85150915, 0.114483714), (-0.43548226, -0.57841367, 0.6897774), (-0.43548226, -0.57841367, 0.6897774), (-0.43548226, -0.57841367, 0.6897774), (-0.43548217, -0.5784138, 0.68977726), (-0.43548217, -0.5784138, 0.68977726), (-0.43548217, -0.5784138, 0.68977726), (0.33333334, 0.6666667, -0.6666667), (0.33333334, 0.6666667, -0.6666667), (0.33333334, 0.6666667, -0.6666667), (0.044535387, -0.91555524, -0.39971903), (0.044535387, -0.91555524, -0.39971903), (0.044535387, -0.91555524, -0.39971903), (0.04453538, -0.9155552, -0.3997191), (0.04453538, -0.9155552, -0.3997191), (0.04453538, -0.9155552, -0.3997191), (0.04453533, -0.9155552, -0.399719), (0.04453533, -0.9155552, -0.399719), (0.04453533, -0.9155552, -0.399719), (0.11711621, -0.5559825, -0.8229017), (0.11711621, -0.5559825, -0.8229017), (0.11711621, -0.5559825, -0.8229017), (0.11711599, -0.55598223, -0.82290196), (0.11711599, -0.55598223, -0.82290196), (0.11711599, -0.55598223, -0.82290196), (0.11711595, -0.55598235, -0.8229019), (0.11711595, -0.55598235, -0.8229019), (0.11711595, -0.55598235, -0.8229019), (0.8313457, 0.2951893, -0.47087952), (0.8313457, 0.2951893, -0.47087952), (0.8313457, 0.2951893, -0.47087952), (0.638968, 0.6228276, -0.45144847), (0.638968, 0.6228276, -0.45144847), (0.638968, 0.6228276, -0.45144847), (0.84647363, 0.5324306, 0), (0.84647363, 0.5324306, 0), (0.84647363, 0.5324306, 0), (0.6498771, 0.5452832, 0.52945817), (0.6498771, 0.5452832, 0.52945817), (0.6498771, 0.5452832, 0.52945817), (0.8498608, 0, 0.5270073), (0.8498608, 0, 0.5270073), (0.8498608, 0, 0.5270073), (0.81721175, 0.12881452, 0.5617578), (0.81721175, 0.12881452, 0.5617578), (0.81721175, 0.12881452, 0.5617578), (0.7232458, 0.0031556885, -0.69058347), (0.7232458, 0.0031556885, -0.69058347), (0.7232458, 0.0031556885, -0.69058347), (0.96645856, 0.2568227, 0), (0.96645856, 0.2568227, 0), (0.96645856, 0.2568227, 0), (0.96645856, 0.2568227, 0), (0.96645856, 0.2568227, 0), (0.96645856, 0.2568227, 0), (0.15668702, 0, 0.98764825), (0.15668702, 0, 0.98764825), (0.15668702, 0, 0.98764825), (0.15668702, 0, 0.9876483), (0.15668702, 0, 0.9876483), (0.15668702, 0, 0.9876483), (0, 0, 0), (0, 0, 0), (0, 0, 0), (0.9651569, -0.26167196, 0), (0.9651569, -0.26167196, 0), (0.9651569, -0.26167196, 0), (0.96515685, -0.26167196, 0), (0.96515685, -0.26167196, 0), (0.96515685, -0.26167196, 0), (0.96515685, -0.26167193, 0), (0.96515685, -0.26167193, 0), (0.96515685, -0.26167193, 0), (0.61557823, -0.6342846, -0.4677034), (0.61557823, -0.6342846, -0.4677034), (0.61557823, -0.6342846, -0.4677034), (0.6939353, -0.2939163, -0.6573181), (0.6939353, -0.2939163, -0.6573181), (0.6939353, -0.2939163, -0.6573181), (0.9031641, 0.002816539, -0.42928624), (0.9031641, 0.002816539, -0.42928624), (0.9031641, 0.002816539, -0.42928624), (0.83020663, -0.5574557, 0), (0.83020663, -0.5574557, 0), (0.83020663, -0.5574557, 0), (0, 0, 0), (0, 0, 0), (0, 0, 0), (0.63302255, -0.5736732, 0.51979), (0.63302255, -0.5736732, 0.51979), (0.63302255, -0.5736732, 0.51979), (0.8498607, 0, 0.52700734), (0.8498607, 0, 0.52700734), (0.8498607, 0, 0.52700734), (0.81700784, -0.13114554, 0.5615149), (0.81700784, -0.13114554, 0.5615149), (0.81700784, -0.13114554, 0.5615149), (0, -1, 0), (0, -1, 0), (0, -1, 0), (0, -1, 0), (0, -1, 0), (0, -1, 0), (0, -1, 0), (0, -1, 0), (0, -1, 0), (0, -1, 0), (0, -1, 0), (0, -1, 0), (0, -1, 0), (0, -1, 0), (0, -1, 0), (0, -1, 0), (0, -1, 0), (0, -1, 0), (0, -1, 0), (0, -1, 0), (0, -1, 0), (0, -1, 0), (0, -1, 0), (0, -1, 0), (0, -1, 0), (0, -1, 0), (0, -1, 0), (0, -1, 0), (0, -1, 0), (0, -1, 0), (0.9937462, -0.0061666127, 0.11149153), (0.9937462, -0.0061666127, 0.11149153), (0.9937462, -0.0061666127, 0.11149153), (0.99457234, 0.0016048931, 0.10403494), (0.99457234, 0.0016048931, 0.10403494), (0.99457234, 0.0016048931, 0.10403494), (0.9945724, 0.0016047084, 0.104034804), (0.9945724, 0.0016047084, 0.104034804), (0.9945724, 0.0016047084, 0.104034804), (0.8789502, 0.0028945033, -0.4769048), (0.8789502, 0.0028945033, -0.4769048), (0.8789502, 0.0028945033, -0.4769048), (0.8789503, 0.0028948854, -0.47690454), (0.8789503, 0.0028948854, -0.47690454), (0.8789503, 0.0028948854, -0.47690454), (0.87895036, 0.0028945263, -0.47690436), (0.87895036, 0.0028945263, -0.47690436), (0.87895036, 0.0028945263, -0.47690436), (1, 0, 0), (1, 0, 0), (1, 0, 0), (1, -0, 0), (1, -0, 0), (1, -0, 0), (0.5000002, 0, -0.8660253), (0.5000002, 0, -0.8660253), (0.5000002, 0, -0.8660253), (0.5000002, 0, -0.8660253), (0.5000002, 0, -0.8660253), (0.5000002, 0, -0.8660253), (1, 0, 0), (1, 0, 0), (1, 0, 0), (1, -0, 0), (1, -0, 0), (1, -0, 0), (0.5000001, -0, 0.8660253), (0.5000001, -0, 0.8660253), (0.5000001, -0, 0.8660253), (0.5000001, 0, 0.8660253), (0.5000001, 0, 0.8660253), (0.5000001, 0, 0.8660253), (0, 1, 0), (0, 1, 0), (0, 1, 0), (0, 1, 0), (0, 1, 0), (0, 1, 0), (0, 1, 0), (0, 1, 0), (0, 1, 0), (0, 1, 0), (0, 1, 0), (0, 1, 0), (0, 1, 0), (0, 1, 0), (0, 1, 0), (0, 1, -0), (0, 1, -0), (0, 1, -0), (0, 1, 0), (0, 1, 0), (0, 1, 0), (0, 1, 0), (0, 1, 0), (0, 1, 0), (0, 1, 0), (0, 1, 0), (0, 1, 0), (0, 1, 0), (0, 1, 0), (0, 1, 0), (0, 0, 1), (0, 0, 1), (0, 0, 1), (-0, 0, 1), (-0, 0, 1), (-0, 0, 1), (-0, 0, -1), (-0, 0, -1), (-0, 0, -1), (0, -0, -1), (0, -0, -1), (0, -0, -1), (0, 0, -1), (0, 0, -1), (0, 0, -1), (0.9437379, -2.2442309e-7, 0.33069444), (0.9437379, -2.2442309e-7, 0.33069444), (0.9437379, -2.2442309e-7, 0.33069444), (0.94373786, -0, 0.3306945), (0.94373786, -0, 0.3306945), (0.94373786, -0, 0.3306945), (0.9466513, -0.006781643, 0.3221883), (0.9466513, -0.006781643, 0.3221883), (0.9466513, -0.006781643, 0.3221883), (0.9466513, -0.006781706, 0.32218838), (0.9466513, -0.006781706, 0.32218838), (0.9466513, -0.006781706, 0.32218838)] (
            interpolation = "faceVarying"
        )
        uniform token physics:approximation = "convexHull"
        bool physics:collisionEnabled = 1
        point3f[] points = [(0.19394533, -0.033497356, -0.0039975685), (0.18894534, -0.034486894, -0.0034958296), (0.18894534, -0.033497356, -0.0039975685), (0.18894534, -0.034486894, -0.0034958296), (0.19394533, -0.033497356, -0.0039975685), (0.19394533, -0.034486894, -0.0034958296), (0.18894534, -0.028860306, 0.0027779723), (0.19394533, -0.02825421, 0.001848684), (0.18894534, -0.02825421, 0.001848684), (0.19394533, -0.02825421, 0.001848684), (0.18894534, -0.028860306, 0.0027779723), (0.19394533, -0.028860306, 0.0027779723), (0.19394533, -0.03559386, 0.002411761), (0.18894534, -0.036095597, 0.0014222221), (0.19394533, -0.036095597, 0.0014222221), (0.18894534, -0.036095597, 0.0014222221), (0.19394533, -0.03559386, 0.002411761), (0.18894534, -0.03559386, 0.002411761), (0.19394533, -0.03626388, -0.00077129423), (0.19394533, -0.036095597, 0.0014222221), (0.19394533, -0.03632413, 0.0003365412), (0.19394533, -0.036095597, 0.0014222221), (0.19394533, -0.03626388, -0.00077129423), (0.19394533, -0.03591895, -0.001825787), (0.19394533, -0.036095597, 0.0014222221), (0.19394533, -0.03591895, -0.001825787), (0.19394533, -0.03559386, 0.002411761), (0.19394533, -0.03559386, 0.002411761), (0.19394533, -0.03591895, -0.001825787), (0.19394533, -0.035312854, -0.0027550752), (0.19394533, -0.03559386, 0.002411761), (0.19394533, -0.035312854, -0.0027550752), (0.19394533, -0.034853105, 0.003237723), (0.19394533, -0.034853105, 0.003237723), (0.19394533, -0.035312854, -0.0027550752), (0.19394533, -0.034486894, -0.0034958296), (0.19394533, -0.034853105, 0.003237723), (0.19394533, -0.034486894, -0.0034958296), (0.19394533, -0.033923816, 0.0038438193), (0.19394533, -0.033923816, 0.0038438193), (0.19394533, -0.034486894, -0.0034958296), (0.19394533, -0.033497356, -0.0039975685), (0.19394533, -0.033923816, 0.0038438193), (0.19394533, -0.033497356, -0.0039975685), (0.19394533, -0.032869324, 0.0041887457), (0.19394533, -0.032869324, 0.0041887457), (0.19394533, -0.033497356, -0.0039975685), (0.19394533, -0.032411672, -0.0042260997), (0.19394533, -0.032869324, 0.0041887457), (0.19394533, -0.032411672, -0.0042260997), (0.19394533, -0.031761486, 0.0042489967), (0.19394533, -0.031761486, 0.0042489967), (0.19394533, -0.032411672, -0.0042260997), (0.19394533, -0.031303838, -0.0041658487), (0.19394533, -0.031761486, 0.0042489967), (0.19394533, -0.031303838, -0.0041658487), (0.19394533, -0.030675806, 0.0040204655), (0.19394533, -0.030675806, 0.0040204655), (0.19394533, -0.031303838, -0.0041658487), (0.19394533, -0.030249344, -0.0038209222), (0.19394533, -0.030675806, 0.0040204655), (0.19394533, -0.030249344, -0.0038209222), (0.19394533, -0.029686268, 0.0035187264), (0.19394533, -0.029686268, 0.0035187264), (0.19394533, -0.030249344, -0.0038209222), (0.19394533, -0.029320057, -0.0032148259), (0.19394533, -0.029686268, 0.0035187264), (0.19394533, -0.029320057, -0.0032148259), (0.19394533, -0.028860306, 0.0027779723), (0.19394533, -0.028860306, 0.0027779723), (0.19394533, -0.029320057, -0.0032148259), (0.19394533, -0.028579302, -0.002388864), (0.19394533, -0.028860306, 0.0027779723), (0.19394533, -0.028579302, -0.002388864), (0.19394533, -0.02825421, 0.001848684), (0.19394533, -0.02825421, 0.001848684), (0.19394533, -0.028579302, -0.002388864), (0.19394533, -0.028077563, -0.0013993251), (0.19394533, -0.02825421, 0.001848684), (0.19394533, -0.028077563, -0.0013993251), (0.19394533, -0.027909283, 0.0007941912), (0.19394533, -0.027909283, 0.0007941912), (0.19394533, -0.028077563, -0.0013993251), (0.19394533, -0.027849032, -0.00031364424), (0.18894534, -0.027909283, 0.0007941912), (0.19394533, -0.027849032, -0.00031364424), (0.18894534, -0.027849032, -0.00031364424), (0.19394533, -0.027849032, -0.00031364424), (0.18894534, -0.027909283, 0.0007941912), (0.19394533, -0.027909283, 0.0007941912), (0.19394533, -0.03632413, 0.0003365412), (0.18894534, -0.03626388, -0.00077129423), (0.19394533, -0.03626388, -0.00077129423), (0.18894534, -0.03626388, -0.00077129423), (0.19394533, -0.03632413, 0.0003365412), (0.18894534, -0.03632413, 0.0003365412), (0.18894534, -0.027849032, -0.00031364424), (0.19394533, -0.028077563, -0.0013993251), (0.18894534, -0.028077563, -0.0013993251), (0.19394533, -0.028077563, -0.0013993251), (0.18894534, -0.027849032, -0.00031364424), (0.19394533, -0.027849032, -0.00031364424), (0.19394533, -0.031761486, 0.0042489967), (0.18894534, -0.030675806, 0.0040204655), (0.18894534, -0.031761486, 0.0042489967), (0.18894534, -0.030675806, 0.0040204655), (0.19394533, -0.031761486, 0.0042489967), (0.19394533, -0.030675806, 0.0040204655), (0.19394533, -0.03591895, -0.001825787), (0.18894534, -0.035312854, -0.0027550752), (0.19394533, -0.035312854, -0.0027550752), (0.18894534, -0.035312854, -0.0027550752), (0.19394533, -0.03591895, -0.001825787), (0.18894534, -0.03591895, -0.001825787), (0.19394533, -0.034853105, 0.003237723), (0.18894534, -0.033923816, 0.0038438193), (0.18894534, -0.034853105, 0.003237723), (0.18894534, -0.033923816, 0.0038438193), (0.19394533, -0.034853105, 0.003237723), (0.19394533, -0.033923816, 0.0038438193), (0.19394533, -0.034486894, -0.0034958296), (0.18894534, -0.035312854, -0.0027550752), (0.18894534, -0.034486894, -0.0034958296), (0.18894534, -0.035312854, -0.0027550752), (0.19394533, -0.034486894, -0.0034958296), (0.19394533, -0.035312854, -0.0027550752), (0.19394533, -0.036095597, 0.0014222221), (0.18894534, -0.03632413, 0.0003365412), (0.19394533, -0.03632413, 0.0003365412), (0.18894534, -0.03632413, 0.0003365412), (0.19394533, -0.036095597, 0.0014222221), (0.18894534, -0.036095597, 0.0014222221), (0.19394533, -0.029320057, -0.0032148259), (0.18894534, -0.030249344, -0.0038209222), (0.18894534, -0.029320057, -0.0032148259), (0.18894534, -0.030249344, -0.0038209222), (0.19394533, -0.029320057, -0.0032148259), (0.19394533, -0.030249344, -0.0038209222), (0.19394533, -0.033923816, 0.0038438193), (0.18894534, -0.032869324, 0.0041887457), (0.18894534, -0.033923816, 0.0038438193), (0.18894534, -0.032869324, 0.0041887457), (0.19394533, -0.033923816, 0.0038438193), (0.19394533, -0.032869324, 0.0041887457), (0.19394533, -0.032411672, -0.0042260997), (0.18894534, -0.033497356, -0.0039975685), (0.18894534, -0.032411672, -0.0042260997), (0.18894534, -0.033497356, -0.0039975685), (0.19394533, -0.032411672, -0.0042260997), (0.19394533, -0.033497356, -0.0039975685), (0.19394533, -0.032869324, 0.0041887457), (0.18894534, -0.031761486, 0.0042489967), (0.18894534, -0.032869324, 0.0041887457), (0.18894534, -0.031761486, 0.0042489967), (0.19394533, -0.032869324, 0.0041887457), (0.19394533, -0.031761486, 0.0042489967), (0.18894534, -0.028077563, -0.0013993251), (0.19394533, -0.028579302, -0.002388864), (0.18894534, -0.028579302, -0.002388864), (0.19394533, -0.028579302, -0.002388864), (0.18894534, -0.028077563, -0.0013993251), (0.19394533, -0.028077563, -0.0013993251), (0.18894534, -0.02825421, 0.001848684), (0.19394533, -0.027909283, 0.0007941912), (0.18894534, -0.027909283, 0.0007941912), (0.19394533, -0.027909283, 0.0007941912), (0.18894534, -0.02825421, 0.001848684), (0.19394533, -0.02825421, 0.001848684), (0.19394533, -0.029686268, 0.0035187264), (0.18894534, -0.028860306, 0.0027779723), (0.18894534, -0.029686268, 0.0035187264), (0.18894534, -0.028860306, 0.0027779723), (0.19394533, -0.029686268, 0.0035187264), (0.19394533, -0.028860306, 0.0027779723), (0.19394533, -0.031303838, -0.0041658487), (0.18894534, -0.032411672, -0.0042260997), (0.18894534, -0.031303838, -0.0041658487), (0.18894534, -0.032411672, -0.0042260997), (0.19394533, -0.031303838, -0.0041658487), (0.19394533, -0.032411672, -0.0042260997), (0.19394533, -0.03626388, -0.00077129423), (0.18894534, -0.03591895, -0.001825787), (0.19394533, -0.03591895, -0.001825787), (0.18894534, -0.03591895, -0.001825787), (0.19394533, -0.03626388, -0.00077129423), (0.18894534, -0.03626388, -0.00077129423), (0.18894534, -0.028579302, -0.002388864), (0.19394533, -0.029320057, -0.0032148259), (0.18894534, -0.029320057, -0.0032148259), (0.19394533, -0.029320057, -0.0032148259), (0.18894534, -0.028579302, -0.002388864), (0.19394533, -0.028579302, -0.002388864), (0.19394533, -0.030249344, -0.0038209222), (0.18894534, -0.031303838, -0.0041658487), (0.18894534, -0.030249344, -0.0038209222), (0.18894534, -0.031303838, -0.0041658487), (0.19394533, -0.030249344, -0.0038209222), (0.19394533, -0.031303838, -0.0041658487), (0.19394533, -0.030675806, 0.0040204655), (0.18894534, -0.029686268, 0.0035187264), (0.18894534, -0.030675806, 0.0040204655), (0.18894534, -0.029686268, 0.0035187264), (0.19394533, -0.030675806, 0.0040204655), (0.19394533, -0.029686268, 0.0035187264), (0.18894534, -0.036095597, 0.0014222221), (0.18894534, -0.03626388, -0.00077129423), (0.18894534, -0.03632413, 0.0003365412), (0.18894534, -0.03626388, -0.00077129423), (0.18894534, -0.036095597, 0.0014222221), (0.18894534, -0.03591895, -0.001825787), (0.18894534, -0.03591895, -0.001825787), (0.18894534, -0.036095597, 0.0014222221), (0.18894534, -0.03559386, 0.002411761), (0.18894534, -0.03591895, -0.001825787), (0.18894534, -0.03559386, 0.002411761), (0.18894534, -0.035312854, -0.0027550752), (0.18894534, -0.035312854, -0.0027550752), (0.18894534, -0.03559386, 0.002411761), (0.18894534, -0.034853105, 0.003237723), (0.18894534, -0.035312854, -0.0027550752), (0.18894534, -0.034853105, 0.003237723), (0.18894534, -0.034486894, -0.0034958296), (0.18894534, -0.034486894, -0.0034958296), (0.18894534, -0.034853105, 0.003237723), (0.18894534, -0.033923816, 0.0038438193), (0.18894534, -0.034486894, -0.0034958296), (0.18894534, -0.033923816, 0.0038438193), (0.18894534, -0.033497356, -0.0039975685), (0.18894534, -0.033497356, -0.0039975685), (0.18894534, -0.033923816, 0.0038438193), (0.18894534, -0.032869324, 0.0041887457), (0.18894534, -0.033497356, -0.0039975685), (0.18894534, -0.032869324, 0.0041887457), (0.18894534, -0.032411672, -0.0042260997), (0.18894534, -0.032411672, -0.0042260997), (0.18894534, -0.032869324, 0.0041887457), (0.18894534, -0.031761486, 0.0042489967), (0.18894534, -0.032411672, -0.0042260997), (0.18894534, -0.031761486, 0.0042489967), (0.18894534, -0.031303838, -0.0041658487), (0.18894534, -0.031303838, -0.0041658487), (0.18894534, -0.031761486, 0.0042489967), (0.18894534, -0.030675806, 0.0040204655), (0.18894534, -0.031303838, -0.0041658487), (0.18894534, -0.030675806, 0.0040204655), (0.18894534, -0.030249344, -0.0038209222), (0.18894534, -0.030249344, -0.0038209222), (0.18894534, -0.030675806, 0.0040204655), (0.18894534, -0.029686268, 0.0035187264), (0.18894534, -0.030249344, -0.0038209222), (0.18894534, -0.029686268, 0.0035187264), (0.18894534, -0.029320057, -0.0032148259), (0.18894534, -0.029320057, -0.0032148259), (0.18894534, -0.029686268, 0.0035187264), (0.18894534, -0.028860306, 0.0027779723), (0.18894534, -0.029320057, -0.0032148259), (0.18894534, -0.028860306, 0.0027779723), (0.18894534, -0.028579302, -0.002388864), (0.18894534, -0.028579302, -0.002388864), (0.18894534, -0.028860306, 0.0027779723), (0.18894534, -0.02825421, 0.001848684), (0.18894534, -0.028579302, -0.002388864), (0.18894534, -0.02825421, 0.001848684), (0.18894534, -0.028077563, -0.0013993251), (0.18894534, -0.028077563, -0.0013993251), (0.18894534, -0.02825421, 0.001848684), (0.18894534, -0.027909283, 0.0007941912), (0.18894534, -0.028077563, -0.0013993251), (0.18894534, -0.027909283, 0.0007941912), (0.18894534, -0.027849032, -0.00031364424), (0.19394533, -0.034853105, 0.003237723), (0.18894534, -0.03559386, 0.002411761), (0.19394533, -0.03559386, 0.002411761), (0.18894534, -0.03559386, 0.002411761), (0.19394533, -0.034853105, 0.003237723), (0.18894534, -0.034853105, 0.003237723), (0.18809074, -0.033568375, 0.0136731025), (0.18515623, -0.034557912, 0.009593845), (0.18559074, -0.033568375, 0.009342976), (0.18515623, -0.034557912, 0.009593845), (0.18809074, -0.033568375, 0.0136731025), (0.18765622, -0.034557912, 0.013923972), (0.17972295, -0.028931327, 0.012730746), (0.18302774, -0.02832523, 0.01659623), (0.18052773, -0.02832523, 0.012266102), (0.18302774, -0.02832523, 0.01659623), (0.17972295, -0.028931327, 0.012730746), (0.18222295, -0.028931327, 0.017060872), (0.1825401, -0.03566488, 0.016877767), (0.18089706, -0.03616662, 0.012052871), (0.18339707, -0.03616662, 0.016382998), (0.18089706, -0.03616662, 0.012052871), (0.1825401, -0.03566488, 0.016877767), (0.18004009, -0.03566488, 0.01254764), (0.1852967, -0.0363349, 0.01528624), (0.18339707, -0.03616662, 0.016382998), (0.18433729, -0.03639515, 0.015840158), (0.18339707, -0.03616662, 0.016382998), (0.1852967, -0.0363349, 0.01528624), (0.18620992, -0.035989974, 0.014758993), (0.18339707, -0.03616662, 0.016382998), (0.18620992, -0.035989974, 0.014758993), (0.1825401, -0.03566488, 0.016877767), (0.1825401, -0.03566488, 0.016877767), (0.18620992, -0.035989974, 0.014758993), (0.18701471, -0.035383876, 0.01429435), (0.1825401, -0.03566488, 0.016877767), (0.18701471, -0.035383876, 0.01429435), (0.18182479, -0.034924127, 0.017290749), (0.18182479, -0.034924127, 0.017290749), (0.18701471, -0.035383876, 0.01429435), (0.18765622, -0.034557912, 0.013923972), (0.18182479, -0.034924127, 0.017290749), (0.18765622, -0.034557912, 0.013923972), (0.1812999, -0.03399484, 0.017593797), (0.1812999, -0.03399484, 0.017593797), (0.18765622, -0.034557912, 0.013923972), (0.18809074, -0.033568375, 0.0136731025), (0.1812999, -0.03399484, 0.017593797), (0.18809074, -0.033568375, 0.0136731025), (0.18100119, -0.032940343, 0.01776626), (0.18100119, -0.032940343, 0.01776626), (0.18809074, -0.033568375, 0.0136731025), (0.18828866, -0.032482695, 0.013558837), (0.18100119, -0.032940343, 0.01776626), (0.18828866, -0.032482695, 0.013558837), (0.180949, -0.03183251, 0.017796386), (0.180949, -0.03183251, 0.017796386), (0.18828866, -0.032482695, 0.013558837), (0.18823647, -0.03137486, 0.013588962), (0.180949, -0.03183251, 0.017796386), (0.18823647, -0.03137486, 0.013588962), (0.18114692, -0.030746829, 0.01768212), (0.18114692, -0.030746829, 0.01768212), (0.18823647, -0.03137486, 0.013588962), (0.18793777, -0.030320367, 0.013761425), (0.18114692, -0.030746829, 0.01768212), (0.18793777, -0.030320367, 0.013761425), (0.18158144, -0.02975729, 0.01743125), (0.18158144, -0.02975729, 0.01743125), (0.18793777, -0.030320367, 0.013761425), (0.18741287, -0.029391078, 0.014064474), (0.18158144, -0.02975729, 0.01743125), (0.18741287, -0.029391078, 0.014064474), (0.18222295, -0.028931327, 0.017060872), (0.18222295, -0.028931327, 0.017060872), (0.18741287, -0.029391078, 0.014064474), (0.18669756, -0.028650323, 0.014477455), (0.18222295, -0.028931327, 0.017060872), (0.18669756, -0.028650323, 0.014477455), (0.18302774, -0.02832523, 0.01659623), (0.18302774, -0.02832523, 0.01659623), (0.18669756, -0.028650323, 0.014477455), (0.18584059, -0.028148584, 0.014972224), (0.18302774, -0.02832523, 0.01659623), (0.18584059, -0.028148584, 0.014972224), (0.18394096, -0.027980303, 0.016068982), (0.18394096, -0.027980303, 0.016068982), (0.18584059, -0.028148584, 0.014972224), (0.18490037, -0.027920054, 0.015515065), (0.18144095, -0.027980303, 0.011738855), (0.18490037, -0.027920054, 0.015515065), (0.18240038, -0.027920054, 0.011184937), (0.18490037, -0.027920054, 0.015515065), (0.18144095, -0.027980303, 0.011738855), (0.18394096, -0.027980303, 0.016068982), (0.18433729, -0.03639515, 0.015840158), (0.1827967, -0.0363349, 0.010956112), (0.1852967, -0.0363349, 0.01528624), (0.1827967, -0.0363349, 0.010956112), (0.18433729, -0.03639515, 0.015840158), (0.18183729, -0.03639515, 0.01151003), (0.18240038, -0.027920054, 0.011184937), (0.18584059, -0.028148584, 0.014972224), (0.1833406, -0.028148584, 0.010642097), (0.18584059, -0.028148584, 0.014972224), (0.18240038, -0.027920054, 0.011184937), (0.18490037, -0.027920054, 0.015515065), (0.180949, -0.03183251, 0.017796386), (0.17864692, -0.030746829, 0.013351993), (0.178449, -0.03183251, 0.0134662585), (0.17864692, -0.030746829, 0.013351993), (0.180949, -0.03183251, 0.017796386), (0.18114692, -0.030746829, 0.01768212), (0.18620992, -0.035989974, 0.014758993), (0.18451472, -0.035383876, 0.009964222), (0.18701471, -0.035383876, 0.01429435), (0.18451472, -0.035383876, 0.009964222), (0.18620992, -0.035989974, 0.014758993), (0.18370992, -0.035989974, 0.010428866), (0.18182479, -0.034924127, 0.017290749), (0.1787999, -0.03399484, 0.01326367), (0.17932479, -0.034924127, 0.012960621), (0.1787999, -0.03399484, 0.01326367), (0.18182479, -0.034924127, 0.017290749), (0.1812999, -0.03399484, 0.017593797), (0.18765622, -0.034557912, 0.013923972), (0.18451472, -0.035383876, 0.009964222), (0.18515623, -0.034557912, 0.009593845), (0.18451472, -0.035383876, 0.009964222), (0.18765622, -0.034557912, 0.013923972), (0.18701471, -0.035383876, 0.01429435), (0.18339707, -0.03616662, 0.016382998), (0.18183729, -0.03639515, 0.01151003), (0.18433729, -0.03639515, 0.015840158), (0.18183729, -0.03639515, 0.01151003), (0.18339707, -0.03616662, 0.016382998), (0.18089706, -0.03616662, 0.012052871), (0.18741287, -0.029391078, 0.014064474), (0.18543775, -0.030320367, 0.009431299), (0.18491286, -0.029391078, 0.0097343465), (0.18543775, -0.030320367, 0.009431299), (0.18741287, -0.029391078, 0.014064474), (0.18793777, -0.030320367, 0.013761425), (0.1812999, -0.03399484, 0.017593797), (0.17850119, -0.032940343, 0.013436133), (0.1787999, -0.03399484, 0.01326367), (0.17850119, -0.032940343, 0.013436133), (0.1812999, -0.03399484, 0.017593797), (0.18100119, -0.032940343, 0.01776626), (0.18828866, -0.032482695, 0.013558837), (0.18559074, -0.033568375, 0.009342976), (0.18578866, -0.032482695, 0.00922871), (0.18559074, -0.033568375, 0.009342976), (0.18828866, -0.032482695, 0.013558837), (0.18809074, -0.033568375, 0.0136731025), (0.18100119, -0.032940343, 0.01776626), (0.178449, -0.03183251, 0.0134662585), (0.17850119, -0.032940343, 0.013436133), (0.178449, -0.03183251, 0.0134662585), (0.18100119, -0.032940343, 0.01776626), (0.180949, -0.03183251, 0.017796386), (0.1833406, -0.028148584, 0.010642097), (0.18669756, -0.028650323, 0.014477455), (0.18419756, -0.028650323, 0.010147328), (0.18669756, -0.028650323, 0.014477455), (0.1833406, -0.028148584, 0.010642097), (0.18584059, -0.028148584, 0.014972224), (0.18052773, -0.02832523, 0.012266102), (0.18394096, -0.027980303, 0.016068982), (0.18144095, -0.027980303, 0.011738855), (0.18394096, -0.027980303, 0.016068982), (0.18052773, -0.02832523, 0.012266102), (0.18302774, -0.02832523, 0.01659623), (0.18158144, -0.02975729, 0.01743125), (0.17972295, -0.028931327, 0.012730746), (0.17908144, -0.02975729, 0.013101123), (0.17972295, -0.028931327, 0.012730746), (0.18158144, -0.02975729, 0.01743125), (0.18222295, -0.028931327, 0.017060872), (0.18823647, -0.03137486, 0.013588962), (0.18578866, -0.032482695, 0.00922871), (0.18573648, -0.03137486, 0.009258836), (0.18578866, -0.032482695, 0.00922871), (0.18823647, -0.03137486, 0.013588962), (0.18828866, -0.032482695, 0.013558837), (0.1852967, -0.0363349, 0.01528624), (0.18370992, -0.035989974, 0.010428866), (0.18620992, -0.035989974, 0.014758993), (0.18370992, -0.035989974, 0.010428866), (0.1852967, -0.0363349, 0.01528624), (0.1827967, -0.0363349, 0.010956112), (0.18419756, -0.028650323, 0.010147328), (0.18741287, -0.029391078, 0.014064474), (0.18491286, -0.029391078, 0.0097343465), (0.18741287, -0.029391078, 0.014064474), (0.18419756, -0.028650323, 0.010147328), (0.18669756, -0.028650323, 0.014477455), (0.18793777, -0.030320367, 0.013761425), (0.18573648, -0.03137486, 0.009258836), (0.18543775, -0.030320367, 0.009431299), (0.18573648, -0.03137486, 0.009258836), (0.18793777, -0.030320367, 0.013761425), (0.18823647, -0.03137486, 0.013588962), (0.18114692, -0.030746829, 0.01768212), (0.17908144, -0.02975729, 0.013101123), (0.17864692, -0.030746829, 0.013351993), (0.17908144, -0.02975729, 0.013101123), (0.18114692, -0.030746829, 0.01768212), (0.18158144, -0.02975729, 0.01743125), (0.18089706, -0.03616662, 0.012052871), (0.1827967, -0.0363349, 0.010956112), (0.18183729, -0.03639515, 0.01151003), (0.1827967, -0.0363349, 0.010956112), (0.18089706, -0.03616662, 0.012052871), (0.18370992, -0.035989974, 0.010428866), (0.18370992, -0.035989974, 0.010428866), (0.18089706, -0.03616662, 0.012052871), (0.18004009, -0.03566488, 0.01254764), (0.18370992, -0.035989974, 0.010428866), (0.18004009, -0.03566488, 0.01254764), (0.18451472, -0.035383876, 0.009964222), (0.18451472, -0.035383876, 0.009964222), (0.18004009, -0.03566488, 0.01254764), (0.17932479, -0.034924127, 0.012960621), (0.18451472, -0.035383876, 0.009964222), (0.17932479, -0.034924127, 0.012960621), (0.18515623, -0.034557912, 0.009593845), (0.18515623, -0.034557912, 0.009593845), (0.17932479, -0.034924127, 0.012960621), (0.1787999, -0.03399484, 0.01326367), (0.18515623, -0.034557912, 0.009593845), (0.1787999, -0.03399484, 0.01326367), (0.18559074, -0.033568375, 0.009342976), (0.18559074, -0.033568375, 0.009342976), (0.1787999, -0.03399484, 0.01326367), (0.17850119, -0.032940343, 0.013436133), (0.18559074, -0.033568375, 0.009342976), (0.17850119, -0.032940343, 0.013436133), (0.18578866, -0.032482695, 0.00922871), (0.18578866, -0.032482695, 0.00922871), (0.17850119, -0.032940343, 0.013436133), (0.178449, -0.03183251, 0.0134662585), (0.18578866, -0.032482695, 0.00922871), (0.178449, -0.03183251, 0.0134662585), (0.18573648, -0.03137486, 0.009258836), (0.18573648, -0.03137486, 0.009258836), (0.178449, -0.03183251, 0.0134662585), (0.17864692, -0.030746829, 0.013351993), (0.18573648, -0.03137486, 0.009258836), (0.17864692, -0.030746829, 0.013351993), (0.18543775, -0.030320367, 0.009431299), (0.18543775, -0.030320367, 0.009431299), (0.17864692, -0.030746829, 0.013351993), (0.17908144, -0.02975729, 0.013101123), (0.18543775, -0.030320367, 0.009431299), (0.17908144, -0.02975729, 0.013101123), (0.18491286, -0.029391078, 0.0097343465), (0.18491286, -0.029391078, 0.0097343465), (0.17908144, -0.02975729, 0.013101123), (0.17972295, -0.028931327, 0.012730746), (0.18491286, -0.029391078, 0.0097343465), (0.17972295, -0.028931327, 0.012730746), (0.18419756, -0.028650323, 0.010147328), (0.18419756, -0.028650323, 0.010147328), (0.17972295, -0.028931327, 0.012730746), (0.18052773, -0.02832523, 0.012266102), (0.18419756, -0.028650323, 0.010147328), (0.18052773, -0.02832523, 0.012266102), (0.1833406, -0.028148584, 0.010642097), (0.1833406, -0.028148584, 0.010642097), (0.18052773, -0.02832523, 0.012266102), (0.18144095, -0.027980303, 0.011738855), (0.1833406, -0.028148584, 0.010642097), (0.18144095, -0.027980303, 0.011738855), (0.18240038, -0.027920054, 0.011184937), (0.18182479, -0.034924127, 0.017290749), (0.18004009, -0.03566488, 0.01254764), (0.1825401, -0.03566488, 0.016877767), (0.18004009, -0.03566488, 0.01254764), (0.18182479, -0.034924127, 0.017290749), (0.17932479, -0.034924127, 0.012960621), (0.1808527, -0.03348855, -0.017353129), (0.17878722, -0.034478087, -0.012772132), (0.1783527, -0.03348855, -0.013023001), (0.17878722, -0.034478087, -0.012772132), (0.1808527, -0.03348855, -0.017353129), (0.18128721, -0.034478087, -0.017102258), (0.1842205, -0.028851502, -0.0096352305), (0.1859157, -0.028245404, -0.014430002), (0.1834157, -0.028245404, -0.010099875), (0.1859157, -0.028245404, -0.014430002), (0.1842205, -0.028851502, -0.0096352305), (0.18672049, -0.028851502, -0.013965358), (0.18640333, -0.035585053, -0.0141484635), (0.18304637, -0.036086794, -0.010313106), (0.18554637, -0.036086794, -0.014643233), (0.18304637, -0.036086794, -0.010313106), (0.18640333, -0.035585053, -0.0141484635), (0.18390334, -0.035585053, -0.009818336), (0.18364674, -0.036255073, -0.01573999), (0.18554637, -0.036086794, -0.014643233), (0.18460615, -0.036315326, -0.015186073), (0.18554637, -0.036086794, -0.014643233), (0.18364674, -0.036255073, -0.01573999), (0.18273352, -0.03591015, -0.016267238), (0.18554637, -0.036086794, -0.014643233), (0.18273352, -0.03591015, -0.016267238), (0.18640333, -0.035585053, -0.0141484635), (0.18640333, -0.035585053, -0.0141484635), (0.18273352, -0.03591015, -0.016267238), (0.18192872, -0.03530405, -0.016731882), (0.18640333, -0.035585053, -0.0141484635), (0.18192872, -0.03530405, -0.016731882), (0.18711865, -0.034844298, -0.0137354825), (0.18711865, -0.034844298, -0.0137354825), (0.18192872, -0.03530405, -0.016731882), (0.18128721, -0.034478087, -0.017102258), (0.18711865, -0.034844298, -0.0137354825), (0.18128721, -0.034478087, -0.017102258), (0.18764354, -0.033915013, -0.013432434), (0.18764354, -0.033915013, -0.013432434), (0.18128721, -0.034478087, -0.017102258), (0.1808527, -0.03348855, -0.017353129), (0.18764354, -0.033915013, -0.013432434), (0.1808527, -0.03348855, -0.017353129), (0.18794225, -0.032860518, -0.013259971), (0.18794225, -0.032860518, -0.013259971), (0.1808527, -0.03348855, -0.017353129), (0.18065478, -0.03240287, -0.017467394), (0.18794225, -0.032860518, -0.013259971), (0.18065478, -0.03240287, -0.017467394), (0.18799444, -0.031752683, -0.013229845), (0.18799444, -0.031752683, -0.013229845), (0.18065478, -0.03240287, -0.017467394), (0.18070696, -0.03129503, -0.017437268), (0.18799444, -0.031752683, -0.013229845), (0.18070696, -0.03129503, -0.017437268), (0.18779652, -0.030667001, -0.013344111), (0.18779652, -0.030667001, -0.013344111), (0.18070696, -0.03129503, -0.017437268), (0.18100567, -0.03024054, -0.017264806), (0.18779652, -0.030667001, -0.013344111), (0.18100567, -0.03024054, -0.017264806), (0.187362, -0.029677464, -0.01359498), (0.187362, -0.029677464, -0.01359498), (0.18100567, -0.03024054, -0.017264806), (0.18153057, -0.029311253, -0.016961757), (0.187362, -0.029677464, -0.01359498), (0.18153057, -0.029311253, -0.016961757), (0.18672049, -0.028851502, -0.013965358), (0.18672049, -0.028851502, -0.013965358), (0.18153057, -0.029311253, -0.016961757), (0.18224588, -0.028570497, -0.016548775), (0.18672049, -0.028851502, -0.013965358), (0.18224588, -0.028570497, -0.016548775), (0.1859157, -0.028245404, -0.014430002), (0.1859157, -0.028245404, -0.014430002), (0.18224588, -0.028570497, -0.016548775), (0.18310285, -0.028068759, -0.016054006), (0.1859157, -0.028245404, -0.014430002), (0.18310285, -0.028068759, -0.016054006), (0.18500248, -0.027900478, -0.014957248), (0.18500248, -0.027900478, -0.014957248), (0.18310285, -0.028068759, -0.016054006), (0.18404306, -0.027840227, -0.015511166), (0.18250248, -0.027900478, -0.010627122), (0.18404306, -0.027840227, -0.015511166), (0.18154307, -0.027840227, -0.011181039), (0.18404306, -0.027840227, -0.015511166), (0.18250248, -0.027900478, -0.010627122), (0.18500248, -0.027900478, -0.014957248), (0.18460615, -0.036315326, -0.015186073), (0.18114673, -0.036255073, -0.011409864), (0.18364674, -0.036255073, -0.01573999), (0.18114673, -0.036255073, -0.011409864), (0.18460615, -0.036315326, -0.015186073), (0.18210615, -0.036315326, -0.010855947), (0.18154307, -0.027840227, -0.011181039), (0.18310285, -0.028068759, -0.016054006), (0.18060285, -0.028068759, -0.01172388), (0.18310285, -0.028068759, -0.016054006), (0.18154307, -0.027840227, -0.011181039), (0.18404306, -0.027840227, -0.015511166), (0.18799444, -0.031752683, -0.013229845), (0.18529652, -0.030667001, -0.009013984), (0.18549444, -0.031752683, -0.0088997185), (0.18529652, -0.030667001, -0.009013984), (0.18799444, -0.031752683, -0.013229845), (0.18779652, -0.030667001, -0.013344111), (0.18273352, -0.03591015, -0.016267238), (0.17942873, -0.03530405, -0.012401755), (0.18192872, -0.03530405, -0.016731882), (0.17942873, -0.03530405, -0.012401755), (0.18273352, -0.03591015, -0.016267238), (0.18023351, -0.03591015, -0.011937111), (0.18711865, -0.034844298, -0.0137354825), (0.18514355, -0.033915013, -0.009102307), (0.18461864, -0.034844298, -0.009405356), (0.18514355, -0.033915013, -0.009102307), (0.18711865, -0.034844298, -0.0137354825), (0.18764354, -0.033915013, -0.013432434), (0.18128721, -0.034478087, -0.017102258), (0.17942873, -0.03530405, -0.012401755), (0.17878722, -0.034478087, -0.012772132), (0.17942873, -0.03530405, -0.012401755), (0.18128721, -0.034478087, -0.017102258), (0.18192872, -0.03530405, -0.016731882), (0.18554637, -0.036086794, -0.014643233), (0.18210615, -0.036315326, -0.010855947), (0.18460615, -0.036315326, -0.015186073), (0.18210615, -0.036315326, -0.010855947), (0.18554637, -0.036086794, -0.014643233), (0.18304637, -0.036086794, -0.010313106), (0.18153057, -0.029311253, -0.016961757), (0.17850567, -0.03024054, -0.012934678), (0.17903057, -0.029311253, -0.01263163), (0.17850567, -0.03024054, -0.012934678), (0.18153057, -0.029311253, -0.016961757), (0.18100567, -0.03024054, -0.017264806), (0.18764354, -0.033915013, -0.013432434), (0.18544225, -0.032860518, -0.008929844), (0.18514355, -0.033915013, -0.009102307), (0.18544225, -0.032860518, -0.008929844), (0.18764354, -0.033915013, -0.013432434), (0.18794225, -0.032860518, -0.013259971), (0.18065478, -0.03240287, -0.017467394), (0.1783527, -0.03348855, -0.013023001), (0.17815478, -0.03240287, -0.013137267), (0.1783527, -0.03348855, -0.013023001), (0.18065478, -0.03240287, -0.017467394), (0.1808527, -0.03348855, -0.017353129), (0.18794225, -0.032860518, -0.013259971), (0.18549444, -0.031752683, -0.0088997185), (0.18544225, -0.032860518, -0.008929844), (0.18549444, -0.031752683, -0.0088997185), (0.18794225, -0.032860518, -0.013259971), (0.18799444, -0.031752683, -0.013229845), (0.18060285, -0.028068759, -0.01172388), (0.18224588, -0.028570497, -0.016548775), (0.17974588, -0.028570497, -0.012218649), (0.18224588, -0.028570497, -0.016548775), (0.18060285, -0.028068759, -0.01172388), (0.18310285, -0.028068759, -0.016054006), (0.1834157, -0.028245404, -0.010099875), (0.18500248, -0.027900478, -0.014957248), (0.18250248, -0.027900478, -0.010627122), (0.18500248, -0.027900478, -0.014957248), (0.1834157, -0.028245404, -0.010099875), (0.1859157, -0.028245404, -0.014430002), (0.187362, -0.029677464, -0.01359498), (0.1842205, -0.028851502, -0.0096352305), (0.184862, -0.029677464, -0.009264854), (0.1842205, -0.028851502, -0.0096352305), (0.187362, -0.029677464, -0.01359498), (0.18672049, -0.028851502, -0.013965358), (0.18070696, -0.03129503, -0.017437268), (0.17815478, -0.03240287, -0.013137267), (0.17820697, -0.03129503, -0.0131071415), (0.17815478, -0.03240287, -0.013137267), (0.18070696, -0.03129503, -0.017437268), (0.18065478, -0.03240287, -0.017467394), (0.18364674, -0.036255073, -0.01573999), (0.18023351, -0.03591015, -0.011937111), (0.18273352, -0.03591015, -0.016267238), (0.18023351, -0.03591015, -0.011937111), (0.18364674, -0.036255073, -0.01573999), (0.18114673, -0.036255073, -0.011409864), (0.17974588, -0.028570497, -0.012218649), (0.18153057, -0.029311253, -0.016961757), (0.17903057, -0.029311253, -0.01263163), (0.18153057, -0.029311253, -0.016961757), (0.17974588, -0.028570497, -0.012218649), (0.18224588, -0.028570497, -0.016548775), (0.18100567, -0.03024054, -0.017264806), (0.17820697, -0.03129503, -0.0131071415), (0.17850567, -0.03024054, -0.012934678), (0.17820697, -0.03129503, -0.0131071415), (0.18100567, -0.03024054, -0.017264806), (0.18070696, -0.03129503, -0.017437268), (0.18779652, -0.030667001, -0.013344111), (0.184862, -0.029677464, -0.009264854), (0.18529652, -0.030667001, -0.009013984), (0.184862, -0.029677464, -0.009264854), (0.18779652, -0.030667001, -0.013344111), (0.187362, -0.029677464, -0.01359498), (0.18304637, -0.036086794, -0.010313106), (0.18114673, -0.036255073, -0.011409864), (0.18210615, -0.036315326, -0.010855947), (0.18114673, -0.036255073, -0.011409864), (0.18304637, -0.036086794, -0.010313106), (0.18023351, -0.03591015, -0.011937111), (0.18023351, -0.03591015, -0.011937111), (0.18304637, -0.036086794, -0.010313106), (0.18390334, -0.035585053, -0.009818336), (0.18023351, -0.03591015, -0.011937111), (0.18390334, -0.035585053, -0.009818336), (0.17942873, -0.03530405, -0.012401755), (0.17942873, -0.03530405, -0.012401755), (0.18390334, -0.035585053, -0.009818336), (0.18461864, -0.034844298, -0.009405356), (0.17942873, -0.03530405, -0.012401755), (0.18461864, -0.034844298, -0.009405356), (0.17878722, -0.034478087, -0.012772132), (0.17878722, -0.034478087, -0.012772132), (0.18461864, -0.034844298, -0.009405356), (0.18514355, -0.033915013, -0.009102307), (0.17878722, -0.034478087, -0.012772132), (0.18514355, -0.033915013, -0.009102307), (0.1783527, -0.03348855, -0.013023001), (0.1783527, -0.03348855, -0.013023001), (0.18514355, -0.033915013, -0.009102307), (0.18544225, -0.032860518, -0.008929844), (0.1783527, -0.03348855, -0.013023001), (0.18544225, -0.032860518, -0.008929844), (0.17815478, -0.03240287, -0.013137267), (0.17815478, -0.03240287, -0.013137267), (0.18544225, -0.032860518, -0.008929844), (0.18549444, -0.031752683, -0.0088997185), (0.17815478, -0.03240287, -0.013137267), (0.18549444, -0.031752683, -0.0088997185), (0.17820697, -0.03129503, -0.0131071415), (0.17820697, -0.03129503, -0.0131071415), (0.18549444, -0.031752683, -0.0088997185), (0.18529652, -0.030667001, -0.009013984), (0.17820697, -0.03129503, -0.0131071415), (0.18529652, -0.030667001, -0.009013984), (0.17850567, -0.03024054, -0.012934678), (0.17850567, -0.03024054, -0.012934678), (0.18529652, -0.030667001, -0.009013984), (0.184862, -0.029677464, -0.009264854), (0.17850567, -0.03024054, -0.012934678), (0.184862, -0.029677464, -0.009264854), (0.17903057, -0.029311253, -0.01263163), (0.17903057, -0.029311253, -0.01263163), (0.184862, -0.029677464, -0.009264854), (0.1842205, -0.028851502, -0.0096352305), (0.17903057, -0.029311253, -0.01263163), (0.1842205, -0.028851502, -0.0096352305), (0.17974588, -0.028570497, -0.012218649), (0.17974588, -0.028570497, -0.012218649), (0.1842205, -0.028851502, -0.0096352305), (0.1834157, -0.028245404, -0.010099875), (0.17974588, -0.028570497, -0.012218649), (0.1834157, -0.028245404, -0.010099875), (0.18060285, -0.028068759, -0.01172388), (0.18060285, -0.028068759, -0.01172388), (0.1834157, -0.028245404, -0.010099875), (0.18250248, -0.027900478, -0.010627122), (0.18060285, -0.028068759, -0.01172388), (0.18250248, -0.027900478, -0.010627122), (0.18154307, -0.027840227, -0.011181039), (0.18711865, -0.034844298, -0.0137354825), (0.18390334, -0.035585053, -0.009818336), (0.18640333, -0.035585053, -0.0141484635), (0.18390334, -0.035585053, -0.009818336), (0.18711865, -0.034844298, -0.0137354825), (0.18461864, -0.034844298, -0.009405356), (0.07157228, 0.17817914, 0.10630697), (0.04636799, 0.22791444, -0.010587687), (-0.029523581, 0.2243412, 0.07510295), (-0.043017127, 0.14705159, 0.1621006), (-0.029523581, 0.2243412, 0.07510295), (-0.13589531, 0.17969805, 0.079231195), (-0.10857309, 0.17778088, -0.116072476), (-0.027392572, 0.19912365, -0.084718935), (-0.0049142716, 0.18755123, -0.10836601), (-0.027392572, 0.19912365, -0.084718935), (-0.10857309, 0.17778088, -0.116072476), (-0.08124775, 0.22684969, -0.028063511), (-0.12239276, -0.00060385145, -0.1814393), (-0.17063698, -0.09609743, -0.13240735), (-0.21279876, -0.00058821816, -0.13179521), (-0.17063698, -0.09609743, -0.13240735), (-0.12239276, -0.00060385145, -0.1814393), (-0.14651486, -0.04835064, -0.15692332), (-0.17063698, -0.09609743, -0.13240735), (-0.11105502, -0.1803249, -0.11641601), (-0.18477559, -0.17117278, -0.043057196), (-0.2482798, 0.058528967, -0.053397167), (-0.21279876, -0.00058821816, -0.13179521), (-0.24939308, -0.05902281, -0.053397167), (-0.2482798, 0.058528967, -0.053397167), (-0.16883565, 0.09410534, -0.13240735), (-0.21279876, -0.00058821816, -0.13179521), (-0.16883565, 0.09410534, -0.13240735), (-0.2482798, 0.058528967, -0.053397167), (-0.19685826, 0.081556365, -0.10453782), (-0.048653174, -0.002948414, 0.20170155), (-0.17162497, -0.050934937, 0.143797), (-0.17162497, -0.077948414, 0.143797), (-0.17162497, -0.050934937, 0.143797), (-0.048653174, -0.002948414, 0.20170155), (-0.17162497, 0.072051585, 0.143797), (-0.0049142716, 0.18755123, -0.10836601), (-0.06101129, 0.1067833, -0.17270342), (-0.10857309, 0.17778088, -0.116072476), (-0.06101129, 0.1067833, -0.17270342), (-0.0049142716, 0.18755123, -0.10836601), (-0.03296278, 0.14716727, -0.14053471), (0.08559072, 0.072051585, 0.18040422), (-0.043017127, 0.14705159, 0.1621006), (-0.048653174, -0.002948414, 0.20170155), (0.08559072, -0.077948414, 0.18040422), (-0.048653174, -0.002948414, 0.20170155), (-0.043017127, -0.15294841, 0.1621006), (-0.08392967, -0.22982785, -0.028588481), (-0.18477559, -0.17117278, -0.043057196), (-0.11105502, -0.1803249, -0.11641601), (-0.09291797, -0.104529366, -0.1609752), (-0.11105502, -0.1803249, -0.11641601), (-0.17063698, -0.09609743, -0.13240735), (-0.11105502, -0.1803249, -0.11641601), (-0.09291797, -0.104529366, -0.1609752), (-0.06101129, -0.107991, -0.17270342), (-0.11105502, -0.1803249, -0.11641601), (-0.026719864, -0.16115253, -0.13190515), (-0.0074648517, -0.19100332, -0.10899649), (-0.026719864, -0.16115253, -0.13190515), (-0.11105502, -0.1803249, -0.11641601), (-0.06101129, -0.107991, -0.17270342), (-0.0074648517, -0.19100332, -0.10899649), (-0.08392967, -0.22982785, -0.028588481), (-0.11105502, -0.1803249, -0.11641601), (-0.08392967, -0.22982785, -0.028588481), (-0.0074648517, -0.19100332, -0.10899649), (-0.048899014, -0.21204126, -0.06542562), (-0.1756962, 0.13160115, -0.08766462), (-0.10857309, 0.17778088, -0.116072476), (-0.16883565, 0.09410534, -0.13240735), (-0.10857309, 0.17778088, -0.116072476), (-0.1756962, 0.13160115, -0.08766462), (-0.18255673, 0.16909695, -0.04292188), (-0.21279876, -0.00058821816, -0.13179521), (-0.1456142, 0.046750747, -0.15692332), (-0.12239276, -0.00060385145, -0.1814393), (-0.1456142, 0.046750747, -0.15692332), (-0.21279876, -0.00058821816, -0.13179521), (-0.16883565, 0.09410534, -0.13240735), (-0.19370395, -0.0852386, -0.10926597), (-0.21279876, -0.00058821816, -0.13179521), (-0.17063698, -0.09609743, -0.13240735), (-0.21279876, -0.00058821816, -0.13179521), (-0.19370395, -0.0852386, -0.10926597), (-0.24939308, -0.05902281, -0.053397167), (-0.048653174, -0.002948414, 0.20170155), (-0.11206803, 0.1067833, 0.15227321), (-0.17162497, 0.072051585, 0.143797), (-0.11206803, 0.1067833, 0.15227321), (-0.048653174, -0.002948414, 0.20170155), (-0.043017127, 0.14705159, 0.1621006), (-0.10857309, 0.17778088, -0.116072476), (-0.09641056, 0.10262106, -0.15947402), (-0.16883565, 0.09410534, -0.13240735), (-0.09641056, 0.10262106, -0.15947402), (-0.10857309, 0.17778088, -0.116072476), (-0.06101129, 0.1067833, -0.17270342), (-0.043017127, -0.15294841, 0.1621006), (-0.048653174, -0.002948414, 0.20170155), (-0.17162497, -0.077948414, 0.143797), (-0.08124775, 0.22684969, -0.028063511), (-0.10857309, 0.17778088, -0.116072476), (-0.18255673, 0.16909695, -0.04292188), (-0.2245151, 0.11193827, 0.049563915), (-0.16690506, 0.17265289, -0.0019479942), (-0.18255673, 0.16909695, -0.04292188), (-0.16690506, 0.17265289, -0.0019479942), (-0.2245151, 0.11193827, 0.049563915), (-0.13589531, 0.17969805, 0.079231195), (-0.13589531, 0.17969805, 0.079231195), (-0.2245151, 0.11193827, 0.049563915), (-0.17162497, 0.072051585, 0.143797), (-0.2245151, 0.11193827, 0.049563915), (-0.2440355, 0.028571676, 0.0059785983), (-0.2397912, -0.0013856161, 0.06535436), (-0.2440355, 0.028571676, 0.0059785983), (-0.2245151, 0.11193827, 0.049563915), (-0.2482798, 0.058528967, -0.053397167), (-0.2277891, 0.011544537, 0.07916583), (-0.2245151, 0.11193827, 0.049563915), (-0.2397912, -0.0013856161, 0.06535436), (-0.2245151, 0.11193827, 0.049563915), (-0.2277891, 0.011544537, 0.07916583), (-0.17162497, 0.072051585, 0.143797), (-0.18255673, 0.16909695, -0.04292188), (-0.2482798, 0.058528967, -0.053397167), (-0.2245151, 0.11193827, 0.049563915), (-0.09905075, 0.2114887, 0.006890803), (-0.029523581, 0.2243412, 0.07510295), (-0.08124775, 0.22684969, -0.028063511), (-0.029523581, 0.2243412, 0.07510295), (-0.09905075, 0.2114887, 0.006890803), (-0.13589531, 0.17969805, 0.079231195), (0.14731976, 0.16953214, 0.0042414833), (0.09411364, 0.17981659, -0.08800934), (0.04636799, 0.22791444, -0.010587687), (-0.043017127, 0.14705159, 0.1621006), (0.07157228, 0.17817914, 0.10630697), (-0.029523581, 0.2243412, 0.07510295), (-0.029523581, 0.2243412, 0.07510295), (0.04636799, 0.22791444, -0.010587687), (-0.08124775, 0.22684969, -0.028063511), (0.09411364, 0.17981659, -0.08800934), (0.011874494, 0.1672111, -0.120168395), (-0.0049142716, 0.18755123, -0.10836601), (0.011874494, 0.1672111, -0.120168395), (0.09411364, 0.17981659, -0.08800934), (0.061751645, 0.1067833, -0.15523167), (0.09411364, 0.17981659, -0.08800934), (0.14731976, 0.16953214, 0.0042414833), (0.15583746, 0.09564688, -0.08563641), (0.15583746, 0.09564688, -0.08563641), (0.061751645, 0.1067833, -0.15523167), (0.09411364, 0.17981659, -0.08800934), (0.0065222583, 0.1965527, -0.08656033), (0.09411364, 0.17981659, -0.08800934), (-0.0049142716, 0.18755123, -0.10836601), (0.09411364, 0.17981659, -0.08800934), (0.0065222583, 0.1965527, -0.08656033), (0.04636799, 0.22791444, -0.010587687), (0.14535621, -0.1729199, 0.002802682), (0.04420561, -0.23113158, -0.011325888), (0.09428138, -0.18085599, -0.08790774), (0.15620025, -0.09681483, -0.086135976), (0.09428138, -0.18085599, -0.08790774), (0.061751645, -0.107991, -0.15523167), (0.09428138, -0.18085599, -0.08790774), (0.01238007, -0.20641527, -0.071484424), (-0.0074648517, -0.19100332, -0.10899649), (0.01238007, -0.20641527, -0.071484424), (0.09428138, -0.18085599, -0.08790774), (0.04420561, -0.23113158, -0.011325888), (0.0072424742, -0.17336462, -0.118820675), (0.09428138, -0.18085599, -0.08790774), (-0.0074648517, -0.19100332, -0.10899649), (0.09428138, -0.18085599, -0.08790774), (0.0072424742, -0.17336462, -0.118820675), (0.061751645, -0.107991, -0.15523167), (0.15620025, -0.09681483, -0.086135976), (0.14535621, -0.1729199, 0.002802682), (0.09428138, -0.18085599, -0.08790774), (-0.06101129, 0.1067833, -0.17270342), (-0.06101129, -0.107991, -0.17270342), (-0.12239276, -0.00060385145, -0.1814393), (-0.06101129, -0.107991, -0.17270342), (-0.06101129, 0.1067833, -0.17270342), (0.061751645, 0.1067833, -0.15523167), (-0.06101129, -0.107991, -0.17270342), (0.061751645, 0.1067833, -0.15523167), (0.061751645, -0.107991, -0.15523167), (0.061751645, -0.107991, -0.15523167), (0.061751645, 0.1067833, -0.15523167), (0.12313311, -0.00060385145, -0.14649579), (-0.033195116, -0.22773865, 0.07424639), (-0.11480055, -0.20315853, 0.03179455), (-0.08392967, -0.22982785, -0.028588481), (-0.11480055, -0.20315853, 0.03179455), (-0.033195116, -0.22773865, 0.07424639), (-0.13781987, -0.18327217, 0.07682005), (-0.033195116, -0.22773865, 0.07424639), (-0.11695124, -0.17659709, 0.095592596), (-0.13781987, -0.18327217, 0.07682005), (-0.11695124, -0.17659709, 0.095592596), (-0.033195116, -0.22773865, 0.07424639), (-0.043017127, -0.15294841, 0.1621006), (0.06826038, -0.18291557, 0.106225684), (-0.033195116, -0.22773865, 0.07424639), (0.04420561, -0.23113158, -0.011325888), (-0.043017127, -0.15294841, 0.1621006), (-0.033195116, -0.22773865, 0.07424639), (0.06826038, -0.18291557, 0.106225684), (-0.033195116, -0.22773865, 0.07424639), (-0.08392967, -0.22982785, -0.028588481), (0.04420561, -0.23113158, -0.011325888), (-0.2397912, -0.0013856161, 0.06535436), (-0.24939308, -0.05902281, -0.053397167), (-0.22582945, -0.11414399, 0.048524998), (-0.24939308, -0.05902281, -0.053397167), (-0.2397912, -0.0013856161, 0.06535436), (-0.24462594, -0.030407159, 0.005560466), (-0.2397912, -0.0013856161, 0.06535436), (-0.22582945, -0.11414399, 0.048524998), (-0.17162497, -0.077948414, 0.143797), (-0.15867583, -0.17789808, 0.023575118), (-0.22582945, -0.11414399, 0.048524998), (-0.18477559, -0.17117278, -0.043057196), (-0.22582945, -0.11414399, 0.048524998), (-0.15867583, -0.17789808, 0.023575118), (-0.13781987, -0.18327217, 0.07682005), (-0.14763004, -0.15270747, 0.0962566), (-0.22582945, -0.11414399, 0.048524998), (-0.13781987, -0.18327217, 0.07682005), (-0.22582945, -0.11414399, 0.048524998), (-0.14763004, -0.15270747, 0.0962566), (-0.17162497, -0.077948414, 0.143797), (-0.22582945, -0.11414399, 0.048524998), (-0.1952745, -0.1529509, -0.044737212), (-0.18477559, -0.17117278, -0.043057196), (-0.1952745, -0.1529509, -0.044737212), (-0.22582945, -0.11414399, 0.048524998), (-0.24939308, -0.05902281, -0.053397167), (0.08559072, 0.072051585, 0.18040422), (0.07157228, 0.17817914, 0.10630697), (-0.043017127, 0.14705159, 0.1621006), (0.07157228, 0.17817914, 0.10630697), (0.14731976, 0.16953214, 0.0042414833), (0.04636799, 0.22791444, -0.010587687), (0.07157228, 0.17817914, 0.10630697), (0.08559072, 0.072051585, 0.18040422), (0.14731976, 0.16953214, 0.0042414833), (0.06826038, -0.18291557, 0.106225684), (0.04420561, -0.23113158, -0.011325888), (0.14535621, -0.1729199, 0.002802682), (0.08559072, -0.077948414, 0.18040422), (-0.043017127, -0.15294841, 0.1621006), (0.06826038, -0.18291557, 0.106225684), (0.08559072, -0.077948414, 0.18040422), (0.06826038, -0.18291557, 0.106225684), (0.14535621, -0.1729199, 0.002802682), (0.15583746, 0.09564688, -0.08563641), (0.12313311, -0.00060385145, -0.14649579), (0.061751645, 0.1067833, -0.15523167), (0.15620025, -0.09681483, -0.086135976), (0.061751645, -0.107991, -0.15523167), (0.12313311, -0.00060385145, -0.14649579), (-0.11206803, 0.1067833, 0.15227321), (-0.13589531, 0.17969805, 0.079231195), (-0.17162497, 0.072051585, 0.143797), (-0.13589531, 0.17969805, 0.079231195), (-0.11206803, 0.1067833, 0.15227321), (-0.043017127, 0.14705159, 0.1621006), (-0.17162497, -0.050934937, 0.143797), (-0.2397912, -0.0013856161, 0.06535436), (-0.17162497, -0.077948414, 0.143797), (-0.2397912, -0.0013856161, 0.06535436), (-0.17162497, -0.050934937, 0.143797), (-0.17162497, 0.072051585, 0.143797), (-0.2397912, -0.0013856161, 0.06535436), (-0.17162497, 0.072051585, 0.143797), (-0.2277891, 0.011544537, 0.07916583), (-0.24462594, -0.030407159, 0.005560466), (-0.2482798, 0.058528967, -0.053397167), (-0.24939308, -0.05902281, -0.053397167), (-0.2482798, 0.058528967, -0.053397167), (-0.24462594, -0.030407159, 0.005560466), (-0.2397912, -0.0013856161, 0.06535436), (-0.2482798, 0.058528967, -0.053397167), (-0.2397912, -0.0013856161, 0.06535436), (-0.2440355, 0.028571676, 0.0059785983), (-0.027392572, 0.19912365, -0.084718935), (0.0065222583, 0.1965527, -0.08656033), (-0.0049142716, 0.18755123, -0.10836601), (0.0065222583, 0.1965527, -0.08656033), (-0.027392572, 0.19912365, -0.084718935), (0.04636799, 0.22791444, -0.010587687), (0.04636799, 0.22791444, -0.010587687), (-0.027392572, 0.19912365, -0.084718935), (-0.08124775, 0.22684969, -0.028063511), (-0.03296278, 0.14716727, -0.14053471), (0.061751645, 0.1067833, -0.15523167), (-0.06101129, 0.1067833, -0.17270342), (0.061751645, 0.1067833, -0.15523167), (-0.03296278, 0.14716727, -0.14053471), (-0.0049142716, 0.18755123, -0.10836601), (0.061751645, 0.1067833, -0.15523167), (-0.0049142716, 0.18755123, -0.10836601), (0.011874494, 0.1672111, -0.120168395), (-0.16690506, 0.17265289, -0.0019479942), (-0.08124775, 0.22684969, -0.028063511), (-0.18255673, 0.16909695, -0.04292188), (-0.08124775, 0.22684969, -0.028063511), (-0.16690506, 0.17265289, -0.0019479942), (-0.09905075, 0.2114887, 0.006890803), (-0.09905075, 0.2114887, 0.006890803), (-0.16690506, 0.17265289, -0.0019479942), (-0.13589531, 0.17969805, 0.079231195), (-0.18255673, 0.16909695, -0.04292188), (-0.19685826, 0.081556365, -0.10453782), (-0.2482798, 0.058528967, -0.053397167), (-0.19685826, 0.081556365, -0.10453782), (-0.18255673, 0.16909695, -0.04292188), (-0.16883565, 0.09410534, -0.13240735), (-0.16883565, 0.09410534, -0.13240735), (-0.18255673, 0.16909695, -0.04292188), (-0.1756962, 0.13160115, -0.08766462), (-0.09641056, 0.10262106, -0.15947402), (-0.1456142, 0.046750747, -0.15692332), (-0.16883565, 0.09410534, -0.13240735), (-0.1456142, 0.046750747, -0.15692332), (-0.09641056, 0.10262106, -0.15947402), (-0.12239276, -0.00060385145, -0.1814393), (-0.12239276, -0.00060385145, -0.1814393), (-0.09641056, 0.10262106, -0.15947402), (-0.06101129, 0.1067833, -0.17270342), (-0.14651486, -0.04835064, -0.15692332), (-0.09291797, -0.104529366, -0.1609752), (-0.17063698, -0.09609743, -0.13240735), (-0.09291797, -0.104529366, -0.1609752), (-0.14651486, -0.04835064, -0.15692332), (-0.12239276, -0.00060385145, -0.1814393), (-0.09291797, -0.104529366, -0.1609752), (-0.12239276, -0.00060385145, -0.1814393), (-0.06101129, -0.107991, -0.17270342), (-0.1952745, -0.1529509, -0.044737212), (-0.17063698, -0.09609743, -0.13240735), (-0.18477559, -0.17117278, -0.043057196), (-0.17063698, -0.09609743, -0.13240735), (-0.1952745, -0.1529509, -0.044737212), (-0.24939308, -0.05902281, -0.053397167), (-0.17063698, -0.09609743, -0.13240735), (-0.24939308, -0.05902281, -0.053397167), (-0.19370395, -0.0852386, -0.10926597), (-0.08392967, -0.22982785, -0.028588481), (-0.15867583, -0.17789808, 0.023575118), (-0.18477559, -0.17117278, -0.043057196), (-0.15867583, -0.17789808, 0.023575118), (-0.08392967, -0.22982785, -0.028588481), (-0.11480055, -0.20315853, 0.03179455), (-0.15867583, -0.17789808, 0.023575118), (-0.11480055, -0.20315853, 0.03179455), (-0.13781987, -0.18327217, 0.07682005), (-0.14763004, -0.15270747, 0.0962566), (-0.043017127, -0.15294841, 0.1621006), (-0.17162497, -0.077948414, 0.143797), (-0.043017127, -0.15294841, 0.1621006), (-0.14763004, -0.15270747, 0.0962566), (-0.13781987, -0.18327217, 0.07682005), (-0.043017127, -0.15294841, 0.1621006), (-0.13781987, -0.18327217, 0.07682005), (-0.11695124, -0.17659709, 0.095592596), (0.01238007, -0.20641527, -0.071484424), (-0.048899014, -0.21204126, -0.06542562), (-0.0074648517, -0.19100332, -0.10899649), (-0.048899014, -0.21204126, -0.06542562), (0.01238007, -0.20641527, -0.071484424), (0.04420561, -0.23113158, -0.011325888), (-0.048899014, -0.21204126, -0.06542562), (0.04420561, -0.23113158, -0.011325888), (-0.08392967, -0.22982785, -0.028588481), (0.061751645, -0.107991, -0.15523167), (-0.026719864, -0.16115253, -0.13190515), (-0.06101129, -0.107991, -0.17270342), (-0.026719864, -0.16115253, -0.13190515), (0.061751645, -0.107991, -0.15523167), (0.0072424742, -0.17336462, -0.118820675), (-0.026719864, -0.16115253, -0.13190515), (0.0072424742, -0.17336462, -0.118820675), (-0.0074648517, -0.19100332, -0.10899649), (0.18520182, 0.109306134, -0.025230294), (0.20342647, 0.04072435, -0.036047567), (0.15583746, 0.09564688, -0.08563641), (0.14731976, 0.16953214, 0.0042414833), (0.18520182, 0.109306134, -0.025230294), (0.15583746, 0.09564688, -0.08563641), (0.14731976, 0.16953214, 0.0042414833), (0.18520182, 0.109306134, 0.019769706), (0.18520182, 0.109306134, -0.025230294), (0.14731976, 0.16953214, 0.0042414833), (0.08559072, 0.072051585, 0.18040422), (0.18520182, 0.109306134, 0.019769706), (0.18520182, 0.109306134, 0.019769706), (0.08559072, 0.072051585, 0.18040422), (0.08559072, 0.04072435, 0.18040422), (0.18520182, 0.109306134, 0.019769706), (0.08559072, 0.04072435, 0.18040422), (0.20342647, 0.04072435, 0.008983809), (0.15583746, 0.09564688, -0.08563641), (0.20342647, 0.04072435, -0.036047567), (0.15594098, 0.04072435, -0.08577897), (0.18520182, 0.109306134, -0.025230294), (0.20342647, 0.04072435, 0.008983809), (0.20342647, 0.04072435, -0.036047567), (0.20342647, 0.04072435, 0.008983809), (0.18520182, 0.109306134, -0.025230294), (0.18520182, 0.109306134, 0.019769706), (-0.048653174, -0.002948414, 0.20170155), (0.08559072, -0.046358503, 0.18040422), (0.08559072, 0.072051585, 0.18040422), (0.08559072, -0.046358503, 0.18040422), (-0.048653174, -0.002948414, 0.20170155), (0.08559072, -0.077948414, 0.18040422), (0.08559072, 0.072051585, 0.18040422), (0.08559072, -0.046358503, 0.18040422), (0.08559072, 0.04072435, 0.18040422), (0.20342647, -0.046358503, -0.036047567), (0.18520182, -0.11357869, 0.009769706), (0.18520182, -0.11357869, -0.025230294), (0.18520182, -0.11357869, 0.009769706), (0.20342647, -0.046358503, -0.036047567), (0.18520182, -0.11357869, 0.019769706), (0.18520182, -0.11357869, 0.019769706), (0.20342647, -0.046358503, -0.036047567), (0.20342647, -0.046358503, 0.008952434), (0.14535621, -0.1729199, 0.002802682), (0.15620025, -0.09681483, -0.086135976), (0.18520182, -0.11357869, -0.025230294), (0.15610515, -0.046358503, -0.08600501), (0.20342647, -0.046358503, -0.036047567), (0.18520182, -0.11357869, -0.025230294), (0.15610515, -0.046358503, -0.08600501), (0.18520182, -0.11357869, -0.025230294), (0.15620025, -0.09681483, -0.086135976), (0.18520182, -0.11357869, -0.025230294), (0.18520182, -0.11357869, 0.019769706), (0.14535621, -0.1729199, 0.002802682), (0.18520182, -0.11357869, 0.019769706), (0.18520182, -0.11357869, -0.025230294), (0.18520182, -0.11357869, 0.009769706), (0.08559072, -0.077948414, 0.18040422), (0.14535621, -0.1729199, 0.002802682), (0.18520182, -0.11357869, 0.019769706), (0.08559072, -0.046358503, 0.18040422), (0.08559072, -0.077948414, 0.18040422), (0.18520182, -0.11357869, 0.019769706), (0.08559072, -0.046358503, 0.18040422), (0.18520182, -0.11357869, 0.019769706), (0.20342647, -0.046358503, 0.008952434), (0.20342647, 0.04072435, -0.036047567), (0.17753507, 0.04072435, -0.03604762), (0.15594098, 0.04072435, -0.08577897), (0.17753507, 0.04072435, -0.03604762), (0.20342647, 0.04072435, -0.036047567), (0.17753507, 0.04072435, -0.019268561), (0.17753507, 0.04072435, -0.019268561), (0.20342647, 0.04072435, -0.036047567), (0.19394533, 0.04072435, -0.009794088), (0.19394533, 0.04072435, -0.009794088), (0.20342647, 0.04072435, -0.036047567), (0.20342647, 0.04072435, 0.008983809), (0.19394533, 0.04072435, -0.009794088), (0.20342647, 0.04072435, 0.008983809), (0.19394533, 0.04072435, 0.010292949), (0.19394533, 0.04072435, 0.010292949), (0.20342647, 0.04072435, 0.008983809), (0.08559072, 0.04072435, 0.18040422), (0.19394533, 0.04072435, 0.010292949), (0.08559072, 0.04072435, 0.18040422), (0.17264687, 0.04072435, 0.02258963), (0.17264687, 0.04072435, 0.02258963), (0.08559072, 0.04072435, 0.18040422), (0.11519126, 0.04072435, 0.095930025), (0.17264687, 0.04072435, 0.02258963), (0.11519126, 0.04072435, 0.095930025), (0.14015232, 0.04072435, 0.02258963), (0.15073895, 0.04072435, -0.03604762), (0.15594098, 0.04072435, -0.08577897), (0.17753507, 0.04072435, -0.03604762), (0.15080121, 0.002138427, -0.03604762), (0.15050027, -0.046358503, -0.03604762), (0.15610515, -0.046358503, -0.08600501), (0.15594098, 0.04072435, -0.08577897), (0.15080121, 0.002138427, -0.03604762), (0.15610515, -0.046358503, -0.08600501), (0.15080121, 0.002138427, -0.03604762), (0.15594098, 0.04072435, -0.08577897), (0.15073895, 0.04072435, -0.03604762), (0.12313311, -0.00060385145, -0.14649579), (0.15610515, -0.046358503, -0.08600501), (0.15620025, -0.09681483, -0.086135976), (0.15610515, -0.046358503, -0.08600501), (0.12313311, -0.00060385145, -0.14649579), (0.15594098, 0.04072435, -0.08577897), (0.15594098, 0.04072435, -0.08577897), (0.12313311, -0.00060385145, -0.14649579), (0.15583746, 0.09564688, -0.08563641), (0.19394533, 0.04072435, -0.009794088), (0.19394533, -0.046358503, 0.010292949), (0.19394533, -0.046358503, -0.009794088), (0.19394533, -0.046358503, 0.010292949), (0.19394533, 0.04072435, -0.009794088), (0.19394533, 0.04072435, 0.010292949), (0.19394533, 0.04072435, -0.009794088), (0.17753507, -0.046358503, -0.019268561), (0.17753507, 0.04072435, -0.019268561), (0.17753507, -0.046358503, -0.019268561), (0.19394533, 0.04072435, -0.009794088), (0.19394533, -0.046358503, -0.009794088), (0.17753507, 0.04072435, -0.03604762), (0.17753507, -0.046358503, -0.019268561), (0.17753507, -0.046358503, -0.03604762), (0.17753507, -0.046358503, -0.019268561), (0.17753507, 0.04072435, -0.03604762), (0.17753507, 0.04072435, -0.019268561), (0.17264687, -0.046358503, 0.02258963), (0.19394533, 0.04072435, 0.010292949), (0.17264687, 0.04072435, 0.02258963), (0.19394533, 0.04072435, 0.010292949), (0.17264687, -0.046358503, 0.02258963), (0.19394533, -0.046358503, 0.010292949), (0.093470186, -0.046358503, 0.15791774), (0.17264687, -0.046358503, 0.02258963), (0.13952847, -0.046358503, 0.02258963), (0.15610515, -0.046358503, -0.08600501), (0.17753507, -0.046358503, -0.03604762), (0.20342647, -0.046358503, -0.036047567), (0.17753507, -0.046358503, -0.03604762), (0.15610515, -0.046358503, -0.08600501), (0.15050027, -0.046358503, -0.03604762), (0.20342647, -0.046358503, -0.036047567), (0.17753507, -0.046358503, -0.03604762), (0.17753507, -0.046358503, -0.019268561), (0.20342647, -0.046358503, -0.036047567), (0.17753507, -0.046358503, -0.019268561), (0.19394533, -0.046358503, -0.009794088), (0.20342647, -0.046358503, -0.036047567), (0.19394533, -0.046358503, -0.009794088), (0.20342647, -0.046358503, 0.008952434), (0.20342647, -0.046358503, 0.008952434), (0.19394533, -0.046358503, -0.009794088), (0.19394533, -0.046358503, 0.010292949), (0.20342647, -0.046358503, 0.008952434), (0.19394533, -0.046358503, 0.010292949), (0.08559072, -0.046358503, 0.18040422), (0.08559072, -0.046358503, 0.18040422), (0.19394533, -0.046358503, 0.010292949), (0.17264687, -0.046358503, 0.02258963), (0.08559072, -0.046358503, 0.18040422), (0.17264687, -0.046358503, 0.02258963), (0.093470186, -0.046358503, 0.15791774), (0.17264687, -0.046358503, 0.02258963), (0.14015232, 0.04072435, 0.02258963), (0.13952847, -0.046358503, 0.02258963), (0.14015232, 0.04072435, 0.02258963), (0.17264687, -0.046358503, 0.02258963), (0.17264687, 0.04072435, 0.02258963), (0.17753507, 0.04072435, -0.03604762), (0.15080121, 0.002138427, -0.03604762), (0.15073895, 0.04072435, -0.03604762), (0.15080121, 0.002138427, -0.03604762), (0.17753507, -0.046358503, -0.03604762), (0.15050027, -0.046358503, -0.03604762), (0.17753507, -0.046358503, -0.03604762), (0.15080121, 0.002138427, -0.03604762), (0.17753507, 0.04072435, -0.03604762), (0.11519126, 0.04072435, 0.095930025), (0.08559072, -0.046358503, 0.18040422), (0.093470186, -0.046358503, 0.15791774), (0.08559072, -0.046358503, 0.18040422), (0.11519126, 0.04072435, 0.095930025), (0.08559072, 0.04072435, 0.18040422), (0.13952847, -0.046358503, 0.02258963), (0.11519126, 0.04072435, 0.095930025), (0.093470186, -0.046358503, 0.15791774), (0.11519126, 0.04072435, 0.095930025), (0.13952847, -0.046358503, 0.02258963), (0.14015232, 0.04072435, 0.02258963)]
        uniform token subdivisionScheme = "none"
        float3 xformOp:rotateZYX = (0, 7.5, 0)
        float3 xformOp:scale = (1, 1, 1)
        double3 xformOp:translate = (0.08, 0, 0) # TODO: properly determine value
        uniform token[] xformOpOrder = ["xformOp:translate", "xformOp:rotateZYX", "xformOp:scale"]
    }

    def Xform "body"
    {
        def Xform "mass" (
            apiSchemas = ["PhysicsMassAPI",]
        )
        {
            point3f physics:centerOfMass = (0, 0, 0)
            float3 physics:diagonalInertia = (0.015658, 0.018874, 0.028459)
            float physics:mass = 1.86
            quatf xformOp:orient = (1, 0, 0, 0)
            float3 xformOp:scale = (1, 1, 1)
            float3 xformOp:translate = (0.10878, 0, -0.0146)
            uniform token[] xformOpOrder = ["xformOp:translate", "xformOp:orient", "xformOp:scale"]
        }
        def Xform "vio"
        {
            quatd xformOp:orient = (0.9993948340415955, 0.00468103401362896, -0.032427918165922165, -0.011682618409395218)
            double3 xformOp:scale = (1, 1, 1)
            double3 xformOp:translate = (0.27110999822616577, -0.0369499996304512, -0.012810000218451023)
            uniform token[] xformOpOrder = ["xformOp:translate", "xformOp:orient", "xformOp:scale"]

            def Xform "vio_cam"
            {
                quatd xformOp:orient = (0.7071068286895752, 0, 0, 0.7071068286895752)
                double3 xformOp:scale = (1, 1, 1)
                double3 xformOp:translate = (0, 0, 0)
                uniform token[] xformOpOrder = ["xformOp:translate", "xformOp:orient", "xformOp:scale"]

                def Xform "cam_0"
                {
                    quatd xformOp:orient = (0.117929607629776, 0.7046108245849609, -0.6907762289047241, 0.11155418306589127)
                    double3 xformOp:scale = (1, 1, 1)
                    double3 xformOp:translate = (0.012600000016391277, 0.006800000090152025, -0.016699999570846558)
                    uniform token[] xformOpOrder = ["xformOp:translate", "xformOp:orient", "xformOp:scale"]
                }

                def Xform "cam_1"
                {
                    quatd xformOp:orient = (0.6535078883171082, 0.2570249140262604, -0.24653060734272003, 0.667898416519165)
                    double3 xformOp:scale = (1, 1, 1)
                    double3 xformOp:translate = (0.009600000455975533, 0.005799999926239252, 0.010200000368058681)
                    uniform token[] xformOpOrder = ["xformOp:translate", "xformOp:orient", "xformOp:scale"]
                }

                def Xform "cam_2"
                {
                    quatd xformOp:orient = (0.4590693414211273, 0.5299821496009827, -0.5497941970825195, 0.45398303866386414)
                    double3 xformOp:scale = (1, 1, 1)
                    double3 xformOp:translate = (0.01979999989271164, 0.006599999964237213, -0.004399999976158142)
                    uniform token[] xformOpOrder = ["xformOp:translate", "xformOp:orient", "xformOp:scale"]
                }
            }
        }

        def Xform "lights"
        {
            quatd xformOp:orient = (0, 0, 0, 1)
            double3 xformOp:scale = (1, 1, 1)
            double3 xformOp:translate = (0.2787800133228302, 0, -0.014600000344216824)
            uniform token[] xformOpOrder = ["xformOp:translate", "xformOp:orient", "xformOp:scale"]

            def Xform "light_lo"
            {
                quatd xformOp:orient = (-0.2923699915409088, 0, 0, 0.9563000202178955)
                double3 xformOp:scale = (1, 1, 1)
                double3 xformOp:translate = (0.02500000037252903, -0.12999999523162842, 0)
                uniform token[] xformOpOrder = ["xformOp:translate", "xformOp:orient", "xformOp:scale"]
            }

            def Xform "light_li"
            {
                quatd xformOp:orient = (0.10819000005722046, 0, 0, -0.99413001537323)
                double3 xformOp:scale = (1, 1, 1)
                double3 xformOp:translate = (0, -0.0689999982714653, 0)
                uniform token[] xformOpOrder = ["xformOp:translate", "xformOp:orient", "xformOp:scale"]
            }

            def Xform "light_ri"
            {
                quatd xformOp:orient = (0.10819000005722046, 0, 0, 0.99413001537323)
                double3 xformOp:scale = (1, 1, 1)
                double3 xformOp:translate = (0, 0.0689999982714653, 0)
                uniform token[] xformOpOrder = ["xformOp:translate", "xformOp:orient", "xformOp:scale"]
            }

            def Xform "light_ro"
            {
                quatd xformOp:orient = (0.2923699915409088, 0, 0, 0.9563000202178955)
                double3 xformOp:scale = (1, 1, 1)
                double3 xformOp:translate = (0.02500000037252903, 0.12999999523162842, 0)
                uniform token[] xformOpOrder = ["xformOp:translate", "xformOp:orient", "xformOp:scale"]
            }
        }

        def Xform "xacti"
        {
            quatd xformOp:orient = (1, 0, 0, 0)
            double3 xformOp:scale = (1, 1, 1)
            double3 xformOp:translate = (0.27110999822616577, 0, -0.012810000218451023)
            uniform token[] xformOpOrder = ["xformOp:translate", "xformOp:orient", "xformOp:scale"]
        }
    }
}
